mu_B,pressure,energy_density
940.00000,0.00171,3.48716
940.10000,0.00214,6.13068
940.20000,0.00290,8.76820
940.30000,0.00398,11.34976
940.40000,0.00535,13.82543
940.50000,0.00697,16.14524
940.60000,0.00880,18.27476
940.70000,0.01084,19.99787
940.80000,0.01305,21.43513
940.90000,0.01540,22.72783
941.00000,0.01788,23.93839
941.10000,0.02049,25.06627
941.20000,0.02321,26.13231
941.30000,0.02605,27.14513
941.40000,0.02899,28.11151
941.50000,0.03202,29.03614
941.60000,0.03516,29.92632
941.70000,0.03839,30.78600
941.80000,0.04171,31.61578
941.90000,0.04511,32.42064
942.00000,0.04860,33.20067
942.10000,0.05217,33.95965
942.20000,0.05582,34.69767
942.30000,0.05954,35.41728
942.40000,0.06334,36.11904
942.50000,0.06722,36.80413
942.60000,0.07117,37.47601
942.70000,0.07519,38.13483
942.80000,0.07927,38.77953
942.90000,0.08343,39.41344
943.00000,0.08765,40.03524
943.10000,0.09194,40.64729
943.20000,0.09629,41.24832
943.30000,0.10070,41.84028
943.40000,0.10518,42.42251
943.50000,0.10972,42.99563
943.60000,0.11432,43.56018
943.70000,0.11898,44.11709
943.80000,0.12369,44.66610
943.90000,0.12847,45.20794
944.00000,0.13330,45.74286
944.10000,0.13819,46.27128
944.20000,0.14313,46.79344
944.30000,0.14813,47.30928
944.40000,0.15318,47.81870
944.50000,0.15829,48.32205
944.60000,0.16345,48.82058
944.70000,0.16866,49.31339
944.80000,0.17392,49.80107
944.90000,0.17924,50.28404
945.00000,0.18460,50.76190
945.10000,0.19002,51.23510
945.20000,0.19549,51.70385
945.30000,0.20100,52.16750
945.40000,0.20657,52.62685
945.50000,0.21218,53.08237
945.60000,0.21784,53.53411
945.70000,0.22355,53.98169
945.80000,0.22930,54.42550
945.90000,0.23511,54.86570
946.00000,0.24095,55.30199
946.10000,0.24685,55.73433
946.20000,0.25279,56.16341
946.30000,0.25877,56.58878
946.40000,0.26480,57.01172
946.50000,0.27088,57.43116
946.60000,0.27700,57.84726
946.70000,0.28316,58.26036
946.80000,0.28936,58.66997
946.90000,0.29561,59.07702
947.00000,0.30190,59.48101
947.10000,0.30824,59.88229
947.20000,0.31462,60.28109
947.30000,0.32103,60.67718
947.40000,0.32749,61.07115
947.50000,0.33400,61.46229
947.60000,0.34054,61.85076
947.70000,0.34712,62.23657
947.80000,0.35375,62.62035
947.90000,0.36041,63.00151
948.00000,0.36712,63.38017
948.10000,0.37386,63.75687
948.20000,0.38064,64.13094
948.30000,0.38747,64.50271
948.40000,0.39433,64.87269
948.50000,0.40123,65.24052
948.60000,0.40817,65.60623
948.70000,0.41515,65.97006
948.80000,0.42217,66.33212
948.90000,0.42922,66.69138
949.00000,0.43631,67.04902
949.10000,0.44344,67.40456
949.20000,0.45061,67.75808
949.30000,0.45782,68.11003
949.40000,0.46506,68.46046
949.50000,0.47234,68.80881
949.60000,0.47965,69.15587
949.70000,0.48700,69.50087
949.80000,0.49439,69.84435
949.90000,0.50181,70.18567
950.00000,0.50927,70.52572
950.10000,0.51677,70.86421
950.20000,0.52430,71.20096
950.30000,0.53187,71.53661
950.40000,0.53947,71.87028
950.50000,0.54710,72.20224
950.60000,0.55478,72.53281
950.70000,0.56248,72.86162
950.80000,0.57022,73.18931
950.90000,0.57800,73.51518
951.00000,0.58581,73.83989
951.10000,0.59365,74.16319
951.20000,0.60153,74.48481
951.30000,0.60944,74.80559
951.40000,0.61738,75.12441
951.50000,0.62536,75.44197
951.60000,0.63337,75.75827
951.70000,0.64142,76.07357
951.80000,0.64949,76.38748
951.90000,0.65760,76.69973
952.00000,0.66575,77.01120
952.10000,0.67392,77.32105
952.20000,0.68213,77.62964
952.30000,0.69037,77.93729
952.40000,0.69864,78.24365
952.50000,0.70695,78.54893
952.60000,0.71529,78.85313
952.70000,0.72366,79.15625
952.80000,0.73206,79.45820
952.90000,0.74049,79.75882
953.00000,0.74895,80.05839
953.10000,0.75745,80.35644
953.20000,0.76597,80.65373
953.30000,0.77453,80.95016
953.40000,0.78312,81.24559
953.50000,0.79174,81.53980
953.60000,0.80039,81.83267
953.70000,0.80907,82.12463
953.80000,0.81778,82.41552
953.90000,0.82652,82.70522
954.00000,0.83529,82.99348
954.10000,0.84410,83.28111
954.20000,0.85293,83.56820
954.30000,0.86179,83.85436
954.40000,0.87068,84.13958
954.50000,0.87961,84.42388
954.60000,0.88856,84.70709
954.70000,0.89754,84.98947
954.80000,0.90655,85.27080
954.90000,0.91559,85.55141
955.00000,0.92466,85.83076
955.10000,0.93376,86.10952
955.20000,0.94289,86.38742
955.30000,0.95205,86.66428
955.40000,0.96123,86.94005
955.50000,0.97045,87.21513
955.60000,0.97969,87.48929
955.70000,0.98896,87.76260
955.80000,0.99826,88.03515
955.90000,1.00759,88.30713
956.00000,1.01695,88.57815
956.10000,1.02634,88.84835
956.20000,1.03575,89.11753
956.30000,1.04519,89.38590
956.40000,1.05467,89.65340
956.50000,1.06416,89.92026
956.60000,1.07369,90.18616
956.70000,1.08324,90.45138
956.80000,1.09283,90.71599
956.90000,1.10243,90.97993
957.00000,1.11207,91.24310
957.10000,1.12174,91.50557
957.20000,1.13143,91.76723
957.30000,1.14115,92.02817
957.40000,1.15089,92.28821
957.50000,1.16067,92.54753
957.60000,1.17047,92.80589
957.70000,1.18029,93.06390
957.80000,1.19015,93.32121
957.90000,1.20003,93.57783
958.00000,1.20994,93.83386
958.10000,1.21987,94.08930
958.20000,1.22983,94.34379
958.30000,1.23982,94.59756
958.40000,1.24984,94.85047
958.50000,1.25988,95.10296
958.60000,1.26994,95.35479
958.70000,1.28004,95.60618
958.80000,1.29015,95.85678
958.90000,1.30030,96.10679
959.00000,1.31047,96.35619
959.10000,1.32067,96.60478
959.20000,1.33089,96.85246
959.30000,1.34114,97.09983
959.40000,1.35142,97.34651
959.50000,1.36172,97.59279
959.60000,1.37204,97.83832
959.70000,1.38239,98.08321
959.80000,1.39277,98.32739
959.90000,1.40317,98.57121
960.00000,1.41360,98.81461
960.10000,1.42405,99.05712
960.20000,1.43453,99.29910
960.30000,1.44504,99.54057
960.40000,1.45557,99.78142
960.50000,1.46612,100.02175
960.60000,1.47670,100.26118
960.70000,1.48730,100.50028
960.80000,1.49793,100.73885
960.90000,1.50858,100.97694
961.00000,1.51926,101.21465
961.10000,1.52996,101.45158
961.20000,1.54069,101.68789
961.30000,1.55144,101.92344
961.40000,1.56222,102.15854
961.50000,1.57302,102.39306
961.60000,1.58385,102.62694
961.70000,1.59470,102.86053
961.80000,1.60557,103.09360
961.90000,1.61647,103.32598
962.00000,1.62739,103.55828
962.10000,1.63834,103.79009
962.20000,1.64931,104.02132
962.30000,1.66030,104.25199
962.40000,1.67132,104.48218
962.50000,1.68236,104.71189
962.60000,1.69343,104.94105
962.70000,1.70452,105.16971
962.80000,1.71563,105.39771
962.90000,1.72677,105.62514
963.00000,1.73793,105.85230
963.10000,1.74911,106.07907
963.20000,1.76032,106.30515
963.30000,1.77155,106.53067
963.40000,1.78281,106.75574
963.50000,1.79408,106.98049
963.60000,1.80538,107.20469
963.70000,1.81671,107.42842
963.80000,1.82806,107.65171
963.90000,1.83943,107.87458
964.00000,1.85082,108.09723
964.10000,1.86224,108.31938
964.20000,1.87368,108.54076
964.30000,1.88514,108.76172
964.40000,1.89663,108.98229
964.50000,1.90814,109.20264
964.60000,1.91967,109.42231
964.70000,1.93122,109.64148
964.80000,1.94280,109.86034
964.90000,1.95440,110.07892
965.00000,1.96602,110.29724
965.10000,1.97767,110.51484
965.20000,1.98933,110.73185
965.30000,2.00102,110.94864
965.40000,2.01274,111.16508
965.50000,2.02447,111.38124
965.60000,2.03623,111.59673
965.70000,2.04801,111.81188
965.80000,2.05981,112.02647
965.90000,2.07163,112.24073
966.00000,2.08348,112.45457
966.10000,2.09535,112.66797
966.20000,2.10724,112.88092
966.30000,2.11915,113.09367
966.40000,2.13108,113.30605
966.50000,2.14304,113.51795
966.60000,2.15502,113.72966
966.70000,2.16702,113.94075
966.80000,2.17904,114.15121
966.90000,2.19108,114.36140
967.00000,2.20315,114.57137
967.10000,2.21523,114.78074
967.20000,2.22734,114.98984
967.30000,2.23947,115.19866
967.40000,2.25162,115.40702
967.50000,2.26380,115.61495
967.60000,2.27599,115.82276
967.70000,2.28821,116.02992
967.80000,2.30045,116.23698
967.90000,2.31271,116.44360
968.00000,2.32499,116.64999
968.10000,2.33729,116.85578
968.20000,2.34961,117.06124
968.30000,2.36195,117.26641
968.40000,2.37432,117.47116
968.50000,2.38671,117.67557
968.60000,2.39911,117.87977
968.70000,2.41154,118.08354
968.80000,2.42399,118.28698
968.90000,2.43646,118.48983
969.00000,2.44895,118.69248
969.10000,2.46146,118.89461
969.20000,2.47400,119.09624
969.30000,2.48655,119.29775
969.40000,2.49913,119.49906
969.50000,2.51172,119.69998
969.60000,2.52434,119.90080
969.70000,2.53697,120.10120
969.80000,2.54963,120.30133
969.90000,2.56231,120.50117
970.00000,2.57501,120.70066
970.10000,2.58773,120.89962
970.20000,2.60047,121.09801
970.30000,2.61323,121.29617
970.40000,2.62601,121.49435
970.50000,2.63881,121.69237
970.60000,2.65163,121.89068
970.70000,2.66447,122.08915
970.80000,2.67733,122.28814
970.90000,2.69022,122.48736
971.00000,2.70312,122.68655
971.10000,2.71604,122.88565
971.20000,2.72899,123.08452
971.30000,2.74195,123.28324
971.40000,2.75494,123.48218
971.50000,2.76794,123.68094
971.60000,2.78097,123.87945
971.70000,2.79402,124.07785
971.80000,2.80708,124.27639
971.90000,2.82017,124.47464
972.00000,2.83328,124.67273
972.10000,2.84641,124.87069
972.20000,2.85956,125.06832
972.30000,2.87273,125.26582
972.40000,2.88591,125.46342
972.50000,2.89912,125.66079
972.60000,2.91235,125.85773
972.70000,2.92560,126.05443
972.80000,2.93887,126.25115
972.90000,2.95216,126.44751
973.00000,2.96547,126.64373
973.10000,2.97881,126.83984
973.20000,2.99216,127.03579
973.30000,3.00553,127.23158
973.40000,3.01892,127.42724
973.50000,3.03233,127.62278
973.60000,3.04576,127.81794
973.70000,3.05921,128.01293
973.80000,3.07268,128.20768
973.90000,3.08617,128.40213
974.00000,3.09969,128.59628
974.10000,3.11322,128.79032
974.20000,3.12677,128.98420
974.30000,3.14034,129.17767
974.40000,3.15393,129.37101
974.50000,3.16754,129.56424
974.60000,3.18117,129.75720
974.70000,3.19482,129.95008
974.80000,3.20849,130.14261
974.90000,3.22218,130.33510
975.00000,3.23589,130.52730
975.10000,3.24962,130.71933
975.20000,3.26337,130.91116
975.30000,3.27714,131.10278
975.40000,3.29093,131.29409
975.50000,3.30473,131.48517
975.60000,3.31856,131.67595
975.70000,3.33241,131.86645
975.80000,3.34627,132.05680
975.90000,3.36016,132.24704
976.00000,3.37407,132.43705
976.10000,3.38799,132.62682
976.20000,3.40193,132.81639
976.30000,3.41590,133.00595
976.40000,3.42988,133.19501
976.50000,3.44388,133.38396
976.60000,3.45791,133.57261
976.70000,3.47195,133.76104
976.80000,3.48601,133.94937
976.90000,3.50009,134.13744
977.00000,3.51419,134.32532
977.10000,3.52830,134.51295
977.20000,3.54244,134.70028
977.30000,3.55660,134.88747
977.40000,3.57077,135.07437
977.50000,3.58497,135.26126
977.60000,3.59918,135.44787
977.70000,3.61342,135.63433
977.80000,3.62767,135.82049
977.90000,3.64194,136.00639
978.00000,3.65623,136.19206
978.10000,3.67054,136.37757
978.20000,3.68487,136.56275
978.30000,3.69921,136.74772
978.40000,3.71358,136.93264
978.50000,3.72796,137.11742
978.60000,3.74237,137.30185
978.70000,3.75679,137.48610
978.80000,3.77123,137.67007
978.90000,3.78569,137.85382
979.00000,3.80017,138.03742
979.10000,3.81467,138.22092
979.20000,3.82918,138.40412
979.30000,3.84372,138.58711
979.40000,3.85827,138.76991
979.50000,3.87284,138.95242
979.60000,3.88743,139.13464
979.70000,3.90204,139.31677
979.80000,3.91667,139.49869
979.90000,3.93132,139.68040
980.00000,3.94598,139.86189
980.10000,3.96067,140.04331
980.20000,3.97537,140.22443
980.30000,3.99009,140.40534
980.40000,4.00483,140.58600
980.50000,4.01959,140.76646
980.60000,4.03436,140.94674
980.70000,4.04916,141.12690
980.80000,4.06397,141.30674
980.90000,4.07880,141.48645
981.00000,4.09365,141.66588
981.10000,4.10852,141.84524
981.20000,4.12340,142.02436
981.30000,4.13830,142.20322
981.40000,4.15323,142.38180
981.50000,4.16817,142.56022
981.60000,4.18313,142.73848
981.70000,4.19810,142.91646
981.80000,4.21310,143.09419
981.90000,4.22811,143.27191
982.00000,4.24314,143.44936
982.10000,4.25819,143.62669
982.20000,4.27326,143.80381
982.30000,4.28834,143.98061
982.40000,4.30345,144.15737
982.50000,4.31857,144.33385
982.60000,4.33371,144.51008
982.70000,4.34886,144.68601
982.80000,4.36404,144.86183
982.90000,4.37923,145.03750
983.00000,4.39444,145.21291
983.10000,4.40967,145.38811
983.20000,4.42492,145.56310
983.30000,4.44018,145.73804
983.40000,4.45546,145.91293
983.50000,4.47076,146.08750
983.60000,4.48608,146.26186
983.70000,4.50141,146.43600
983.80000,4.51677,146.61002
983.90000,4.53214,146.78377
984.00000,4.54753,146.95722
984.10000,4.56293,147.13048
984.20000,4.57835,147.30365
984.30000,4.59380,147.47672
984.40000,4.60925,147.64954
984.50000,4.62473,147.82221
984.60000,4.64022,147.99473
984.70000,4.65573,148.16702
984.80000,4.67126,148.33915
984.90000,4.68681,148.51099
985.00000,4.70237,148.68265
985.10000,4.71795,148.85415
985.20000,4.73355,149.02547
985.30000,4.74917,149.19654
985.40000,4.76480,149.36737
985.50000,4.78045,149.53809
985.60000,4.79612,149.70865
985.70000,4.81180,149.87902
985.80000,4.82751,150.04929
985.90000,4.84322,150.21933
986.00000,4.85896,150.38934
986.10000,4.87472,150.55908
986.20000,4.89049,150.72869
986.30000,4.90627,150.89811
986.40000,4.92208,151.06726
986.50000,4.93790,151.23618
986.60000,4.95374,151.40487
986.70000,4.96960,151.57347
986.80000,4.98547,151.74181
986.90000,5.00136,151.91008
987.00000,5.01727,152.07825
987.10000,5.03320,152.24615
987.20000,5.04914,152.41395
987.30000,5.06510,152.58157
987.40000,5.08107,152.74885
987.50000,5.09707,152.91602
987.60000,5.11308,153.08304
987.70000,5.12910,153.24984
987.80000,5.14515,153.41650
987.90000,5.16121,153.58321
988.00000,5.17729,153.74959
988.10000,5.19338,153.91577
988.20000,5.20949,154.08172
988.30000,5.22562,154.24753
988.40000,5.24176,154.41311
988.50000,5.25792,154.57872
988.60000,5.27410,154.74397
988.70000,5.29030,154.90901
988.80000,5.30651,155.07396
988.90000,5.32274,155.23876
989.00000,5.33898,155.40328
989.10000,5.35524,155.56768
989.20000,5.37152,155.73188
989.30000,5.38782,155.89606
989.40000,5.40413,156.06002
989.50000,5.42045,156.22390
989.60000,5.43680,156.38750
989.70000,5.45316,156.55097
989.80000,5.46954,156.71432
989.90000,5.48593,156.87744
990.00000,5.50234,157.04043
990.10000,5.51877,157.20331
990.20000,5.53521,157.36600
990.30000,5.55167,157.52850
990.40000,5.56815,157.69075
990.50000,5.58464,157.85293
990.60000,5.60115,158.01492
990.70000,5.61767,158.17675
990.80000,5.63421,158.33834
990.90000,5.65077,158.49981
991.00000,5.66735,158.66118
991.10000,5.68394,158.82236
991.20000,5.70054,158.98334
991.30000,5.71717,159.14419
991.40000,5.73380,159.30498
991.50000,5.75046,159.46571
991.60000,5.76713,159.62620
991.70000,5.78382,159.78639
991.80000,5.80052,159.94642
991.90000,5.81724,160.10636
992.00000,5.83398,160.26608
992.10000,5.85073,160.42563
992.20000,5.86750,160.58501
992.30000,5.88428,160.74432
992.40000,5.90108,160.90346
992.50000,5.91790,161.06248
992.60000,5.93473,161.22126
992.70000,5.95158,161.37990
992.80000,5.96844,161.53842
992.90000,5.98532,161.69684
993.00000,6.00222,161.85513
993.10000,6.01913,162.01324
993.20000,6.03606,162.17125
993.30000,6.05300,162.32907
993.40000,6.06996,162.48665
993.50000,6.08694,162.64411
993.60000,6.10393,162.80139
993.70000,6.12094,162.95860
993.80000,6.13796,163.11555
993.90000,6.15500,163.27243
994.00000,6.17206,163.42917
994.10000,6.18913,163.58570
994.20000,6.20621,163.74211
994.30000,6.22331,163.89842
994.40000,6.24043,164.05457
994.50000,6.25756,164.21057
994.60000,6.27471,164.36641
994.70000,6.29188,164.52213
994.80000,6.30906,164.67762
994.90000,6.32625,164.83306
995.00000,6.34347,164.98843
995.10000,6.36069,165.14357
995.20000,6.37794,165.29853
995.30000,6.39519,165.45336
995.40000,6.41247,165.60794
995.50000,6.42976,165.76240
995.60000,6.44706,165.91678
995.70000,6.46438,166.07098
995.80000,6.48172,166.22500
995.90000,6.49907,166.37895
996.00000,6.51644,166.53287
996.10000,6.53382,166.68659
996.20000,6.55122,166.84011
996.30000,6.56863,166.99349
996.40000,6.58606,167.14677
996.50000,6.60350,167.29987
996.60000,6.62096,167.45283
996.70000,6.63844,167.60558
996.80000,6.65593,167.75813
996.90000,6.67343,167.91070
997.00000,6.69095,168.06314
997.10000,6.70849,168.21549
997.20000,6.72604,168.36765
997.30000,6.74360,168.51973
997.40000,6.76119,168.67166
997.50000,6.77878,168.82334
997.60000,6.79639,168.97481
997.70000,6.81402,169.12621
997.80000,6.83166,169.27748
997.90000,6.84932,169.42877
998.00000,6.86699,169.57984
998.10000,6.88468,169.73081
998.20000,6.90238,169.88157
998.30000,6.92010,170.03227
998.40000,6.93783,170.18287
998.50000,6.95558,170.33325
998.60000,6.97335,170.48344
998.70000,6.99112,170.63367
998.80000,7.00892,170.78369
998.90000,7.02672,170.93354
999.00000,7.04455,171.08329
999.10000,7.06239,171.23281
999.20000,7.08024,171.38225
999.30000,7.09811,171.53166
999.40000,7.11599,171.68096
999.50000,7.13389,171.83003
999.60000,7.15180,171.97892
999.70000,7.16973,172.12777
999.80000,7.18767,172.27635
999.90000,7.20563,172.42478
1000.00000,7.22360,172.57308
1000.10000,7.24159,172.72122
1000.20000,7.25959,172.86938
1000.30000,7.27761,173.01746
1000.40000,7.29564,173.16541
1000.50000,7.31368,173.31323
1000.60000,7.33175,173.46093
1000.70000,7.34982,173.60854
1000.80000,7.36791,173.75596
1000.90000,7.38602,173.90326
1001.00000,7.40414,174.05036
1001.10000,7.42227,174.19742
1001.20000,7.44042,174.34438
1001.30000,7.45859,174.49121
1001.40000,7.47676,174.63790
1001.50000,7.49496,174.78441
1001.60000,7.51317,174.93076
1001.70000,7.53139,175.07701
1001.80000,7.54963,175.22306
1001.90000,7.56788,175.36912
1002.00000,7.58614,175.51501
1002.10000,7.60442,175.66081
1002.20000,7.62272,175.80652
1002.30000,7.64103,175.95211
1002.40000,7.65935,176.09756
1002.50000,7.67769,176.24283
1002.60000,7.69605,176.38793
1002.70000,7.71442,176.53292
1002.80000,7.73280,176.67774
1002.90000,7.75119,176.82255
1003.00000,7.76961,176.96723
1003.10000,7.78803,177.11187
1003.20000,7.80647,177.25635
1003.30000,7.82493,177.40072
1003.40000,7.84339,177.54498
1003.50000,7.86188,177.68910
1003.60000,7.88038,177.83302
1003.70000,7.89889,177.97685
1003.80000,7.91741,178.12052
1003.90000,7.93595,178.26404
1004.00000,7.95451,178.40755
1004.10000,7.97308,178.55092
1004.20000,7.99166,178.69409
1004.30000,8.01026,178.83727
1004.40000,8.02887,178.98032
1004.50000,8.04750,179.12331
1004.60000,8.06614,179.26616
1004.70000,8.08479,179.40894
1004.80000,8.10346,179.55151
1004.90000,8.12214,179.69397
1005.00000,8.14084,179.83635
1005.10000,8.15955,179.97857
1005.20000,8.17828,180.12063
1005.30000,8.19702,180.26260
1005.40000,8.21577,180.40446
1005.50000,8.23454,180.54625
1005.60000,8.25332,180.68794
1005.70000,8.27212,180.82946
1005.80000,8.29093,180.97078
1005.90000,8.30975,181.11201
1006.00000,8.32859,181.25314
1006.10000,8.34744,181.39421
1006.20000,8.36631,181.53516
1006.30000,8.38519,181.67605
1006.40000,8.40408,181.81685
1006.50000,8.42299,181.95757
1006.60000,8.44191,182.09814
1006.70000,8.46085,182.23857
1006.80000,8.47980,182.37883
1006.90000,8.49876,182.51901
1007.00000,8.51774,182.65909
1007.10000,8.53673,182.79910
1007.20000,8.55574,182.93897
1007.30000,8.57476,183.07878
1007.40000,8.59379,183.21838
1007.50000,8.61284,183.35793
1007.60000,8.63190,183.49736
1007.70000,8.65097,183.63672
1007.80000,8.67006,183.77598
1007.90000,8.68917,183.91511
1008.00000,8.70828,184.05412
1008.10000,8.72741,184.19306
1008.20000,8.74656,184.33187
1008.30000,8.76571,184.47054
1008.40000,8.78489,184.60909
1008.50000,8.80407,184.74757
1008.60000,8.82327,184.88593
1008.70000,8.84248,185.02422
1008.80000,8.86171,185.16241
1008.90000,8.88095,185.30042
1009.00000,8.90020,185.43833
1009.10000,8.91947,185.57619
1009.20000,8.93875,185.71397
1009.30000,8.95805,185.85165
1009.40000,8.97735,185.98925
1009.50000,8.99668,186.12672
1009.60000,9.01601,186.26410
1009.70000,9.03536,186.40132
1009.80000,9.05472,186.53838
1009.90000,9.07410,186.67530
1010.00000,9.09349,186.81214
1010.10000,9.11289,186.94891
1010.20000,9.13231,187.08563
1010.30000,9.15174,187.22222
1010.40000,9.17118,187.35876
1010.50000,9.19064,187.49523
1010.60000,9.21011,187.63155
1010.70000,9.22960,187.76772
1010.80000,9.24910,187.90376
1010.90000,9.26861,188.03978
1011.00000,9.28813,188.17567
1011.10000,9.30767,188.31154
1011.20000,9.32722,188.44726
1011.30000,9.34679,188.58282
1011.40000,9.36637,188.71837
1011.50000,9.38596,188.85376
1011.60000,9.40556,188.98905
1011.70000,9.42518,189.12421
1011.80000,9.44481,189.25926
1011.90000,9.46446,189.39424
1012.00000,9.48412,189.52908
1012.10000,9.50379,189.66389
1012.20000,9.52348,189.79854
1012.30000,9.54317,189.93316
1012.40000,9.56289,190.06768
1012.50000,9.58261,190.20214
1012.60000,9.60235,190.33651
1012.70000,9.62210,190.47073
1012.80000,9.64187,190.60489
1012.90000,9.66164,190.73890
1013.00000,9.68144,190.87281
1013.10000,9.70124,191.00666
1013.20000,9.72106,191.14037
1013.30000,9.74089,191.27399
1013.40000,9.76073,191.40754
1013.50000,9.78059,191.54110
1013.60000,9.80046,191.67448
1013.70000,9.82035,191.80777
1013.80000,9.84024,191.94099
1013.90000,9.86015,192.07405
1014.00000,9.88008,192.20704
1014.10000,9.90001,192.33989
1014.20000,9.91996,192.47259
1014.30000,9.93992,192.60524
1014.40000,9.95990,192.73780
1014.50000,9.97989,192.87031
1014.60000,9.99989,193.00272
1014.70000,10.01990,193.13509
1014.80000,10.03993,193.26736
1014.90000,10.05997,193.39951
1015.00000,10.08003,193.53160
1015.10000,10.10009,193.66352
1015.20000,10.12017,193.79541
1015.30000,10.14027,193.92717
1015.40000,10.16037,194.05886
1015.50000,10.18049,194.19041
1015.60000,10.20062,194.32192
1015.70000,10.22077,194.45333
1015.80000,10.24092,194.58463
1015.90000,10.26109,194.71585
1016.00000,10.28128,194.84692
1016.10000,10.30147,194.97786
1016.20000,10.32168,195.10878
1016.30000,10.34191,195.23964
1016.40000,10.36214,195.37049
1016.50000,10.38239,195.50116
1016.60000,10.40265,195.63180
1016.70000,10.42292,195.76231
1016.80000,10.44321,195.89272
1016.90000,10.46351,196.02303
1017.00000,10.48382,196.15323
1017.10000,10.50414,196.28330
1017.20000,10.52448,196.41334
1017.30000,10.54483,196.54334
1017.40000,10.56520,196.67327
1017.50000,10.58557,196.80311
1017.60000,10.60596,196.93284
1017.70000,10.62636,197.06247
1017.80000,10.64678,197.19196
1017.90000,10.66720,197.32144
1018.00000,10.68764,197.45084
1018.10000,10.70809,197.58013
1018.20000,10.72856,197.70933
1018.30000,10.74904,197.83845
1018.40000,10.76953,197.96753
1018.50000,10.79003,198.09649
1018.60000,10.81055,198.22532
1018.70000,10.83107,198.35402
1018.80000,10.85161,198.48264
1018.90000,10.87217,198.61122
1019.00000,10.89273,198.73968
1019.10000,10.91331,198.86807
1019.20000,10.93390,198.99635
1019.30000,10.95451,199.12464
1019.40000,10.97512,199.25284
1019.50000,10.99575,199.38094
1019.60000,11.01640,199.50894
1019.70000,11.03705,199.63688
1019.80000,11.05772,199.76479
1019.90000,11.07840,199.89257
1020.00000,11.09909,200.02026
1020.10000,11.11979,200.14780
1020.20000,11.14051,200.27528
1020.30000,11.16124,200.40270
1020.40000,11.18198,200.52999
1020.50000,11.20273,200.65721
1020.60000,11.22350,200.78429
1020.70000,11.24428,200.91138
1020.80000,11.26507,201.03839
1020.90000,11.28587,201.16536
1021.00000,11.30669,201.29223
1021.10000,11.32752,201.41894
1021.20000,11.34836,201.54561
1021.30000,11.36921,201.67218
1021.40000,11.39008,201.79873
1021.50000,11.41096,201.92518
1021.60000,11.43185,202.05155
1021.70000,11.45275,202.17788
1021.80000,11.47367,202.30412
1021.90000,11.49460,202.43027
1022.00000,11.51554,202.55624
1022.10000,11.53649,202.68211
1022.20000,11.55745,202.80794
1022.30000,11.57843,202.93369
1022.40000,11.59942,203.05942
1022.50000,11.62042,203.18503
1022.60000,11.64144,203.31063
1022.70000,11.66246,203.43613
1022.80000,11.68350,203.56156
1022.90000,11.70455,203.68687
1023.00000,11.72562,203.81207
1023.10000,11.74669,203.93720
1023.20000,11.76778,204.06227
1023.30000,11.78888,204.18727
1023.40000,11.80999,204.31219
1023.50000,11.83111,204.43694
1023.60000,11.85225,204.56170
1023.70000,11.87340,204.68639
1023.80000,11.89456,204.81102
1023.90000,11.91573,204.93558
1024.00000,11.93692,205.06005
1024.10000,11.95812,205.18449
1024.20000,11.97932,205.30884
1024.30000,12.00055,205.43312
1024.40000,12.02178,205.55727
1024.50000,12.04303,205.68134
1024.60000,12.06428,205.80533
1024.70000,12.08555,205.92926
1024.80000,12.10684,206.05311
1024.90000,12.12813,206.17687
1025.00000,12.14944,206.30056
1025.10000,12.17075,206.42422
1025.20000,12.19208,206.54781
1025.30000,12.21343,206.67129
1025.40000,12.23478,206.79468
1025.50000,12.25615,206.91803
1025.60000,12.27753,207.04124
1025.70000,12.29892,207.16441
1025.80000,12.32032,207.28746
1025.90000,12.34173,207.41046
1026.00000,12.36316,207.53343
1026.10000,12.38460,207.65632
1026.20000,12.40605,207.77915
1026.30000,12.42751,207.90186
1026.40000,12.44899,208.02455
1026.50000,12.47047,208.14713
1026.60000,12.49197,208.26962
1026.70000,12.51348,208.39206
1026.80000,12.53500,208.51439
1026.90000,12.55654,208.63666
1027.00000,12.57808,208.75889
1027.10000,12.59964,208.88105
1027.20000,12.62121,209.00312
1027.30000,12.64279,209.12513
1027.40000,12.66438,209.24709
1027.50000,12.68599,209.36894
1027.60000,12.70761,209.49072
1027.70000,12.72924,209.61244
1027.80000,12.75088,209.73407
1027.90000,12.77253,209.85559
1028.00000,12.79419,209.97709
1028.10000,12.81587,210.09855
1028.20000,12.83756,210.21989
1028.30000,12.85926,210.34115
1028.40000,12.88097,210.46235
1028.50000,12.90269,210.58348
1028.60000,12.92443,210.70458
1028.70000,12.94618,210.82561
1028.80000,12.96793,210.94660
1028.90000,12.98970,211.06750
1029.00000,13.01149,211.18837
1029.10000,13.03328,211.30912
1029.20000,13.05509,211.42977
1029.30000,13.07690,211.55033
1029.40000,13.09873,211.67082
1029.50000,13.12057,211.79124
1029.60000,13.14243,211.91161
1029.70000,13.16429,212.03192
1029.80000,13.18617,212.15213
1029.90000,13.20805,212.27230
1030.00000,13.22995,212.39242
1030.10000,13.25186,212.51246
1030.20000,13.27379,212.63246
1030.30000,13.29572,212.75240
1030.40000,13.31767,212.87228
1030.50000,13.33963,212.99208
1030.60000,13.36159,213.11178
1030.70000,13.38358,213.23141
1030.80000,13.40557,213.35091
1030.90000,13.42757,213.47039
1031.00000,13.44959,213.58981
1031.10000,13.47161,213.70916
1031.20000,13.49365,213.82843
1031.30000,13.51570,213.94767
1031.40000,13.53776,214.06685
1031.50000,13.55984,214.18595
1031.60000,13.58192,214.30498
1031.70000,13.60402,214.42392
1031.80000,13.62613,214.54282
1031.90000,13.64825,214.66167
1032.00000,13.67038,214.78049
1032.10000,13.69252,214.89921
1032.20000,13.71467,215.01783
1032.30000,13.73684,215.13638
1032.40000,13.75902,215.25485
1032.50000,13.78121,215.37330
1032.60000,13.80340,215.49162
1032.70000,13.82562,215.60989
1032.80000,13.84784,215.72811
1032.90000,13.87007,215.84632
1033.00000,13.89232,215.96450
1033.10000,13.91458,216.08257
1033.20000,13.93684,216.20054
1033.30000,13.95912,216.31841
1033.40000,13.98142,216.43622
1033.50000,14.00372,216.55397
1033.60000,14.02603,216.67164
1033.70000,14.04836,216.78927
1033.80000,14.07070,216.90686
1033.90000,14.09304,217.02447
1034.00000,14.11540,217.14196
1034.10000,14.13777,217.25939
1034.20000,14.16016,217.37673
1034.30000,14.18255,217.49399
1034.40000,14.20496,217.61119
1034.50000,14.22737,217.72838
1034.60000,14.24980,217.84550
1034.70000,14.27224,217.96253
1034.80000,14.29469,218.07955
1034.90000,14.31715,218.19647
1035.00000,14.33962,218.31327
1035.10000,14.36211,218.42999
1035.20000,14.38460,218.54666
1035.30000,14.40711,218.66327
1035.40000,14.42963,218.77984
1035.50000,14.45216,218.89639
1035.60000,14.47470,219.01288
1035.70000,14.49725,219.12934
1035.80000,14.51981,219.24569
1035.90000,14.54239,219.36193
1036.00000,14.56497,219.47814
1036.10000,14.58757,219.59426
1036.20000,14.61018,219.71037
1036.30000,14.63280,219.82636
1036.40000,14.65543,219.94233
1036.50000,14.67807,220.05824
1036.60000,14.70072,220.17415
1036.70000,14.72338,220.28996
1036.80000,14.74606,220.40565
1036.90000,14.76875,220.52130
1037.00000,14.79144,220.63687
1037.10000,14.81415,220.75244
1037.20000,14.83687,220.86796
1037.30000,14.85960,220.98336
1037.40000,14.88234,221.09875
1037.50000,14.90510,221.21408
1037.60000,14.92786,221.32941
1037.70000,14.95064,221.44461
1037.80000,14.97342,221.55974
1037.90000,14.99622,221.67481
1038.00000,15.01903,221.78983
1038.10000,15.04185,221.90482
1038.20000,15.06468,222.01972
1038.30000,15.08752,222.13451
1038.40000,15.11037,222.24932
1038.50000,15.13324,222.36404
1038.60000,15.15611,222.47873
1038.70000,15.17900,222.59331
1038.80000,15.20189,222.70783
1038.90000,15.22480,222.82229
1039.00000,15.24772,222.93675
1039.10000,15.27065,223.05109
1039.20000,15.29359,223.16538
1039.30000,15.31654,223.27965
1039.40000,15.33951,223.39386
1039.50000,15.36248,223.50802
1039.60000,15.38546,223.62211
1039.70000,15.40846,223.73613
1039.80000,15.43147,223.85009
1039.90000,15.45448,223.96401
1040.00000,15.47751,224.07790
1040.10000,15.50055,224.19170
1040.20000,15.52360,224.30546
1040.30000,15.54667,224.41920
1040.40000,15.56974,224.53282
1040.50000,15.59282,224.64642
1040.60000,15.61592,224.75991
1040.70000,15.63902,224.87335
1040.80000,15.66214,224.98675
1040.90000,15.68526,225.10010
1041.00000,15.70840,225.21337
1041.10000,15.73155,225.32661
1041.20000,15.75471,225.43981
1041.30000,15.77788,225.55297
1041.40000,15.80106,225.66603
1041.50000,15.82425,225.77902
1041.60000,15.84746,225.89196
1041.70000,15.87067,226.00483
1041.80000,15.89390,226.11759
1041.90000,15.91713,226.23034
1042.00000,15.94038,226.34302
1042.10000,15.96364,226.45569
1042.20000,15.98690,226.56832
1042.30000,16.01018,226.68091
1042.40000,16.03347,226.79346
1042.50000,16.05677,226.90596
1042.60000,16.08008,227.01842
1042.70000,16.10341,227.13081
1042.80000,16.12674,227.24309
1042.90000,16.15008,227.35533
1043.00000,16.17344,227.46748
1043.10000,16.19680,227.57956
1043.20000,16.22018,227.69159
1043.30000,16.24356,227.80355
1043.40000,16.26696,227.91552
1043.50000,16.29037,228.02745
1043.60000,16.31379,228.13936
1043.70000,16.33722,228.25124
1043.80000,16.36066,228.36305
1043.90000,16.38411,228.47478
1044.00000,16.40757,228.58644
1044.10000,16.43104,228.69804
1044.20000,16.45452,228.80954
1044.30000,16.47802,228.92099
1044.40000,16.50152,229.03241
1044.50000,16.52504,229.14377
1044.60000,16.54856,229.25511
1044.70000,16.57210,229.36643
1044.80000,16.59565,229.47770
1044.90000,16.61920,229.58888
1045.00000,16.64277,229.70001
1045.10000,16.66635,229.81107
1045.20000,16.68994,229.92207
1045.30000,16.71354,230.03303
1045.40000,16.73715,230.14393
1045.50000,16.76077,230.25476
1045.60000,16.78440,230.36556
1045.70000,16.80805,230.47637
1045.80000,16.83170,230.58710
1045.90000,16.85536,230.69773
1046.00000,16.87904,230.80835
1046.10000,16.90272,230.91887
1046.20000,16.92642,231.02938
1046.30000,16.95012,231.13982
1046.40000,16.97384,231.25024
1046.50000,16.99757,231.36060
1046.60000,17.02130,231.47091
1046.70000,17.04505,231.58118
1046.80000,17.06881,231.69137
1046.90000,17.09258,231.80151
1047.00000,17.11636,231.91160
1047.10000,17.14015,232.02161
1047.20000,17.16395,232.13157
1047.30000,17.18776,232.24148
1047.40000,17.21158,232.35145
1047.50000,17.23542,232.46133
1047.60000,17.25926,232.57114
1047.70000,17.28311,232.68088
1047.80000,17.30697,232.79059
1047.90000,17.33085,232.90026
1048.00000,17.35473,233.00984
1048.10000,17.37863,233.11936
1048.20000,17.40253,233.22879
1048.30000,17.42645,233.33822
1048.40000,17.45038,233.44766
1048.50000,17.47431,233.55696
1048.60000,17.49826,233.66627
1048.70000,17.52222,233.77555
1048.80000,17.54619,233.88477
1048.90000,17.57016,233.99397
1049.00000,17.59415,234.10310
1049.10000,17.61815,234.21215
1049.20000,17.64216,234.32116
1049.30000,17.66618,234.43013
1049.40000,17.69021,234.53901
1049.50000,17.71425,234.64783
1049.60000,17.73830,234.75667
1049.70000,17.76237,234.86541
1049.80000,17.78644,234.97411
1049.90000,17.81052,235.08277
1050.00000,17.83461,235.19140
1050.10000,17.85871,235.29999
1050.20000,17.88283,235.40854
1050.30000,17.90695,235.51701
1050.40000,17.93109,235.62544
1050.50000,17.95523,235.73383
1050.60000,17.97938,235.84216
1050.70000,18.00355,235.95043
1050.80000,18.02772,236.05866
1050.90000,18.05191,236.16683
1051.00000,18.07611,236.27495
1051.10000,18.10031,236.38304
1051.20000,18.12453,236.49109
1051.30000,18.14875,236.59911
1051.40000,18.17299,236.70706
1051.50000,18.19724,236.81495
1051.60000,18.22150,236.92283
1051.70000,18.24576,237.03067
1051.80000,18.27004,237.13844
1051.90000,18.29433,237.24616
1052.00000,18.31863,237.35388
1052.10000,18.34294,237.46155
1052.20000,18.36726,237.56917
1052.30000,18.39158,237.67673
1052.40000,18.41592,237.78421
1052.50000,18.44027,237.89165
1052.60000,18.46463,237.99904
1052.70000,18.48900,238.10634
1052.80000,18.51338,238.21356
1052.90000,18.53777,238.32079
1053.00000,18.56217,238.42802
1053.10000,18.58658,238.53522
1053.20000,18.61101,238.64233
1053.30000,18.63544,238.74941
1053.40000,18.65988,238.85643
1053.50000,18.68433,238.96343
1053.60000,18.70879,239.07036
1053.70000,18.73326,239.17719
1053.80000,18.75774,239.28401
1053.90000,18.78224,239.39082
1054.00000,18.80674,239.49767
1054.10000,18.83125,239.60443
1054.20000,18.85577,239.71112
1054.30000,18.88030,239.81771
1054.40000,18.90485,239.92426
1054.50000,18.92940,240.03086
1054.60000,18.95396,240.13737
1054.70000,18.97853,240.24378
1054.80000,19.00312,240.35022
1054.90000,19.02771,240.45655
1055.00000,19.05231,240.56291
1055.10000,19.07693,240.66917
1055.20000,19.10155,240.77543
1055.30000,19.12618,240.88155
1055.40000,19.15083,240.98765
1055.50000,19.17548,241.09378
1055.60000,19.20014,241.19983
1055.70000,19.22482,241.30582
1055.80000,19.24950,241.41179
1055.90000,19.27419,241.51768
1056.00000,19.29890,241.62361
1056.10000,19.32361,241.72948
1056.20000,19.34833,241.83535
1056.30000,19.37307,241.94108
1056.40000,19.39781,242.04676
1056.50000,19.42257,242.15242
1056.60000,19.44733,242.25806
1056.70000,19.47210,242.36363
1056.80000,19.49689,242.46922
1056.90000,19.52168,242.57470
1057.00000,19.54648,242.68019
1057.10000,19.57130,242.78562
1057.20000,19.59612,242.89101
1057.30000,19.62095,242.99630
1057.40000,19.64580,243.10153
1057.50000,19.67065,243.20675
1057.60000,19.69551,243.31198
1057.70000,19.72039,243.41715
1057.80000,19.74527,243.52230
1057.90000,19.77016,243.62737
1058.00000,19.79507,243.73239
1058.10000,19.81998,243.83735
1058.20000,19.84490,243.94224
1058.30000,19.86984,244.04709
1058.40000,19.89478,244.15192
1058.50000,19.91973,244.25671
1058.60000,19.94469,244.36153
1058.70000,19.96967,244.46626
1058.80000,19.99465,244.57089
1058.90000,20.01964,244.67553
1059.00000,20.04464,244.78011
1059.10000,20.06966,244.88468
1059.20000,20.09468,244.98920
1059.30000,20.11971,245.09372
1059.40000,20.14475,245.19820
1059.50000,20.16980,245.30261
1059.60000,20.19486,245.40704
1059.70000,20.21994,245.51132
1059.80000,20.24502,245.61552
1059.90000,20.27011,245.71974
1060.00000,20.29521,245.82392
1060.10000,20.32032,245.92806
1060.20000,20.34544,246.03215
1060.30000,20.37057,246.13627
1060.40000,20.39571,246.24031
1060.50000,20.42086,246.34430
1060.60000,20.44602,246.44823
1060.70000,20.47119,246.55208
1060.80000,20.49637,246.65595
1060.90000,20.52156,246.75979
1061.00000,20.54675,246.86360
1061.10000,20.57196,246.96739
1061.20000,20.59718,247.07120
1061.30000,20.62241,247.17494
1061.40000,20.64765,247.27856
1061.50000,20.67290,247.38212
1061.60000,20.69815,247.48556
1061.70000,20.72342,247.58900
1061.80000,20.74870,247.69248
1061.90000,20.77398,247.79594
1062.00000,20.79928,247.89938
1062.10000,20.82459,248.00283
1062.20000,20.84990,248.10625
1062.30000,20.87523,248.20957
1062.40000,20.90056,248.31278
1062.50000,20.92591,248.41599
1062.60000,20.95126,248.51910
1062.70000,20.97663,248.62223
1062.80000,21.00200,248.72533
1062.90000,21.02738,248.82841
1063.00000,21.05278,248.93145
1063.10000,21.07818,249.03444
1063.20000,21.10359,249.13736
1063.30000,21.12902,249.24019
1063.40000,21.15445,249.34297
1063.50000,21.17989,249.44574
1063.60000,21.20534,249.54850
1063.70000,21.23080,249.65119
1063.80000,21.25627,249.75390
1063.90000,21.28175,249.85663
1064.00000,21.30724,249.95930
1064.10000,21.33274,250.06189
1064.20000,21.35825,250.16447
1064.30000,21.38377,250.26696
1064.40000,21.40930,250.36944
1064.50000,21.43484,250.47187
1064.60000,21.46039,250.57430
1064.70000,21.48595,250.67662
1064.80000,21.51151,250.77894
1064.90000,21.53709,250.88121
1065.00000,21.56268,250.98344
1065.10000,21.58827,251.08565
1065.20000,21.61388,251.18784
1065.30000,21.63949,251.28990
1065.40000,21.66512,251.39199
1065.50000,21.69075,251.49409
1065.60000,21.71640,251.59607
1065.70000,21.74205,251.69804
1065.80000,21.76771,251.79993
1065.90000,21.79339,251.90183
1066.00000,21.81907,252.00369
1066.10000,21.84476,252.10557
1066.20000,21.87046,252.20739
1066.30000,21.89617,252.30915
1066.40000,21.92189,252.41088
1066.50000,21.94762,252.51263
1066.60000,21.97336,252.61426
1066.70000,21.99911,252.71586
1066.80000,22.02487,252.81735
1066.90000,22.05064,252.91883
1067.00000,22.07641,253.02027
1067.10000,22.10220,253.12174
1067.20000,22.12800,253.22317
1067.30000,22.15380,253.32465
1067.40000,22.17962,253.42607
1067.50000,22.20544,253.52750
1067.60000,22.23128,253.62879
1067.70000,22.25712,253.73000
1067.80000,22.28298,253.83114
1067.90000,22.30884,253.93227
1068.00000,22.33471,254.03336
1068.10000,22.36059,254.13449
1068.20000,22.38648,254.23555
1068.30000,22.41239,254.33665
1068.40000,22.43830,254.43769
1068.50000,22.46422,254.53863
1068.60000,22.49015,254.63952
1068.70000,22.51608,254.74041
1068.80000,22.54203,254.84130
1068.90000,22.56799,254.94214
1069.00000,22.59396,255.04290
1069.10000,22.61993,255.14370
1069.20000,22.64592,255.24440
1069.30000,22.67191,255.34510
1069.40000,22.69792,255.44572
1069.50000,22.72393,255.54623
1069.60000,22.74996,255.64677
1069.70000,22.77599,255.74733
1069.80000,22.80203,255.84783
1069.90000,22.82808,255.94831
1070.00000,22.85414,256.04869
1070.10000,22.88021,256.14914
1070.20000,22.90629,256.24953
1070.30000,22.93238,256.34991
1070.40000,22.95848,256.45023
1070.50000,22.98459,256.55050
1070.60000,23.01071,256.65076
1070.70000,23.03683,256.75098
1070.80000,23.06297,256.85113
1070.90000,23.08911,256.95121
1071.00000,23.11527,257.05121
1071.10000,23.14143,257.15124
1071.20000,23.16761,257.25125
1071.30000,23.19379,257.35125
1071.40000,23.21998,257.45122
1071.50000,23.24618,257.55116
1071.60000,23.27239,257.65110
1071.70000,23.29861,257.75093
1071.80000,23.32484,257.85075
1071.90000,23.35108,257.95051
1072.00000,23.37733,258.05025
1072.10000,23.40359,258.14993
1072.20000,23.42985,258.24957
1072.30000,23.45613,258.34919
1072.40000,23.48241,258.44882
1072.50000,23.50871,258.54843
1072.60000,23.53501,258.64805
1072.70000,23.56132,258.74756
1072.80000,23.58765,258.84710
1072.90000,23.61398,258.94652
1073.00000,23.64032,259.04586
1073.10000,23.66667,259.14518
1073.20000,23.69303,259.24449
1073.30000,23.71940,259.34380
1073.40000,23.74578,259.44314
1073.50000,23.77216,259.54242
1073.60000,23.79856,259.64169
1073.70000,23.82496,259.74087
1073.80000,23.85138,259.84002
1073.90000,23.87780,259.93906
1074.00000,23.90424,260.03812
1074.10000,23.93068,260.13720
1074.20000,23.95713,260.23623
1074.30000,23.98359,260.33520
1074.40000,24.01006,260.43416
1074.50000,24.03654,260.53306
1074.60000,24.06303,260.63193
1074.70000,24.08953,260.73076
1074.80000,24.11603,260.82956
1074.90000,24.14255,260.92832
1075.00000,24.16908,261.02716
1075.10000,24.19561,261.12591
1075.20000,24.22215,261.22465
1075.30000,24.24871,261.32332
1075.40000,24.27527,261.42195
1075.50000,24.30184,261.52059
1075.60000,24.32842,261.61915
1075.70000,24.35501,261.71768
1075.80000,24.38161,261.81620
1075.90000,24.40822,261.91463
1076.00000,24.43483,262.01307
1076.10000,24.46146,262.11140
1076.20000,24.48809,262.20981
1076.30000,24.51474,262.30813
1076.40000,24.54139,262.40647
1076.50000,24.56806,262.50480
1076.60000,24.59473,262.60305
1076.70000,24.62141,262.70130
1076.80000,24.64810,262.79950
1076.90000,24.67480,262.89760
1077.00000,24.70151,262.99570
1077.10000,24.72822,263.09375
1077.20000,24.75495,263.19185
1077.30000,24.78168,263.28990
1077.40000,24.80843,263.38792
1077.50000,24.83518,263.48586
1077.60000,24.86195,263.58376
1077.70000,24.88872,263.68171
1077.80000,24.91550,263.77955
1077.90000,24.94229,263.87736
1078.00000,24.96909,263.97520
1078.10000,24.99590,264.07301
1078.20000,25.02271,264.17075
1078.30000,25.04954,264.26848
1078.40000,25.07638,264.36616
1078.50000,25.10322,264.46382
1078.60000,25.13007,264.56145
1078.70000,25.15694,264.65906
1078.80000,25.18381,264.75663
1078.90000,25.21069,264.85419
1079.00000,25.23758,264.95169
1079.10000,25.26448,265.04916
1079.20000,25.29139,265.14653
1079.30000,25.31830,265.24395
1079.40000,25.34523,265.34134
1079.50000,25.37216,265.43864
1079.60000,25.39911,265.53600
1079.70000,25.42606,265.63333
1079.80000,25.45302,265.73065
1079.90000,25.47999,265.82791
1080.00000,25.50697,265.92513
1080.10000,25.53396,266.02234
1080.20000,25.56096,266.11948
1080.30000,25.58797,266.21658
1080.40000,25.61498,266.31366
1080.50000,25.64201,266.41070
1080.60000,25.66904,266.50783
1080.70000,25.69609,266.60483
1080.80000,25.72314,266.70175
1080.90000,25.75020,266.79866
1081.00000,25.77727,266.89558
1081.10000,25.80435,266.99248
1081.20000,25.83143,267.08934
1081.30000,25.85853,267.18612
1081.40000,25.88564,267.28293
1081.50000,25.91275,267.37975
1081.60000,25.93987,267.47652
1081.70000,25.96701,267.57321
1081.80000,25.99415,267.66983
1081.90000,26.02130,267.76645
1082.00000,26.04846,267.86308
1082.10000,26.07563,267.95968
1082.20000,26.10280,268.05622
1082.30000,26.12999,268.15270
1082.40000,26.15718,268.24916
1082.50000,26.18439,268.34565
1082.60000,26.21160,268.44210
1082.70000,26.23882,268.53854
1082.80000,26.26605,268.63494
1082.90000,26.29329,268.73126
1083.00000,26.32054,268.82764
1083.10000,26.34780,268.92394
1083.20000,26.37506,269.02023
1083.30000,26.40234,269.11648
1083.40000,26.42962,269.21271
1083.50000,26.45692,269.30892
1083.60000,26.48422,269.40509
1083.70000,26.51153,269.50122
1083.80000,26.53885,269.59730
1083.90000,26.56618,269.69332
1084.00000,26.59351,269.78939
1084.10000,26.62086,269.88537
1084.20000,26.64821,269.98137
1084.30000,26.67558,270.07739
1084.40000,26.70295,270.17336
1084.50000,26.73033,270.26929
1084.60000,26.75772,270.36516
1084.70000,26.78512,270.46103
1084.80000,26.81253,270.55682
1084.90000,26.83995,270.65259
1085.00000,26.86737,270.74833
1085.10000,26.89481,270.84405
1085.20000,26.92225,270.93974
1085.30000,26.94970,271.03543
1085.40000,26.97716,271.13108
1085.50000,27.00463,271.22670
1085.60000,27.03211,271.32230
1085.70000,27.05960,271.41789
1085.80000,27.08709,271.51341
1085.90000,27.11460,271.60894
1086.00000,27.14211,271.70447
1086.10000,27.16964,271.79996
1086.20000,27.19717,271.89541
1086.30000,27.22471,271.99082
1086.40000,27.25226,272.08616
1086.50000,27.27981,272.18152
1086.60000,27.30738,272.27686
1086.70000,27.33496,272.37218
1086.80000,27.36254,272.46744
1086.90000,27.39013,272.56268
1087.00000,27.41773,272.65790
1087.10000,27.44534,272.75307
1087.20000,27.47296,272.84823
1087.30000,27.50059,272.94335
1087.40000,27.52823,273.03844
1087.50000,27.55587,273.13354
1087.60000,27.58353,273.22864
1087.70000,27.61119,273.32367
1087.80000,27.63886,273.41868
1087.90000,27.66654,273.51361
1088.00000,27.69423,273.60856
1088.10000,27.72193,273.70350
1088.20000,27.74963,273.79842
1088.30000,27.77735,273.89330
1088.40000,27.80507,273.98816
1088.50000,27.83280,274.08302
1088.60000,27.86055,274.17784
1088.70000,27.88830,274.27259
1088.80000,27.91605,274.36735
1088.90000,27.94382,274.46203
1089.00000,27.97160,274.55674
1089.10000,27.99938,274.65139
1089.20000,28.02718,274.74599
1089.30000,28.05498,274.84056
1089.40000,28.08279,274.93514
1089.50000,28.11061,275.02974
1089.60000,28.13844,275.12425
1089.70000,28.16627,275.21875
1089.80000,28.19412,275.31326
1089.90000,28.22197,275.40771
1090.00000,28.24984,275.50215
1090.10000,28.27771,275.59653
1090.20000,28.30559,275.69088
1090.30000,28.33348,275.78522
1090.40000,28.36137,275.87956
1090.50000,28.38928,275.97392
1090.60000,28.41719,276.06821
1090.70000,28.44512,276.16243
1090.80000,28.47305,276.25668
1090.90000,28.50099,276.35089
1091.00000,28.52894,276.44505
1091.10000,28.55690,276.53916
1091.20000,28.58486,276.63326
1091.30000,28.61284,276.72731
1091.40000,28.64082,276.82140
1091.50000,28.66882,276.91552
1091.60000,28.69682,277.00954
1091.70000,28.72483,277.10347
1091.80000,28.75285,277.19743
1091.90000,28.78087,277.29139
1092.00000,28.80891,277.38530
1092.10000,28.83695,277.47919
1092.20000,28.86500,277.57307
1092.30000,28.89307,277.66691
1092.40000,28.92114,277.76079
1092.50000,28.94921,277.85464
1092.60000,28.97730,277.94840
1092.70000,29.00540,278.04216
1092.80000,29.03350,278.13588
1092.90000,29.06161,278.22960
1093.00000,29.08973,278.32324
1093.10000,29.11786,278.41686
1093.20000,29.14600,278.51049
1093.30000,29.17415,278.60405
1093.40000,29.20231,278.69761
1093.50000,29.23047,278.79115
1093.60000,29.25864,278.88469
1093.70000,29.28682,278.97820
1093.80000,29.31501,279.07164
1093.90000,29.34321,279.16509
1094.00000,29.37142,279.25850
1094.10000,29.39963,279.35193
1094.20000,29.42786,279.44533
1094.30000,29.45609,279.53865
1094.40000,29.48433,279.63193
1094.50000,29.51258,279.72520
1094.60000,29.54084,279.81848
1094.70000,29.56911,279.91171
1094.80000,29.59738,280.00493
1094.90000,29.62566,280.09817
1095.00000,29.65396,280.19138
1095.10000,29.68226,280.28463
1095.20000,29.71057,280.37778
1095.30000,29.73888,280.47090
1095.40000,29.76721,280.56398
1095.50000,29.79555,280.65698
1095.60000,29.82389,280.75001
1095.70000,29.85224,280.84300
1095.80000,29.88060,280.93600
1095.90000,29.90897,281.02895
1096.00000,29.93735,281.12191
1096.10000,29.96573,281.21486
1096.20000,29.99413,281.30771
1096.30000,30.02253,281.40060
1096.40000,30.05094,281.49348
1096.50000,30.07936,281.58626
1096.60000,30.10779,281.67908
1096.70000,30.13622,281.77186
1096.80000,30.16467,281.86464
1096.90000,30.19312,281.95738
1097.00000,30.22158,282.05010
1097.10000,30.25005,282.14278
1097.20000,30.27853,282.23542
1097.30000,30.30702,282.32807
1097.40000,30.33551,282.42071
1097.50000,30.36402,282.51328
1097.60000,30.39253,282.60587
1097.70000,30.42105,282.69845
1097.80000,30.44958,282.79096
1097.90000,30.47812,282.88346
1098.00000,30.50666,282.97593
1098.10000,30.53522,283.06843
1098.20000,30.56378,283.16083
1098.30000,30.59235,283.25320
1098.40000,30.62093,283.34558
1098.50000,30.64952,283.43794
1098.60000,30.67812,283.53035
1098.70000,30.70672,283.62268
1098.80000,30.73534,283.71498
1098.90000,30.76396,283.80729
1099.00000,30.79259,283.89955
1099.10000,30.82123,283.99176
1099.20000,30.84987,284.08392
1099.30000,30.87853,284.17604
1099.40000,30.90719,284.26815
1099.50000,30.93587,284.36025
1099.60000,30.96455,284.45236
1099.70000,30.99323,284.54447
1099.80000,31.02193,284.63656
1099.90000,31.05064,284.72864
1100.00000,31.07935,284.82069
1100.10000,31.10807,284.91273
1100.20000,31.13680,285.00475
1100.30000,31.16554,285.09668
1100.40000,31.19429,285.18858
1100.50000,31.22305,285.28048
1100.60000,31.25181,285.37236
1100.70000,31.28058,285.46423
1100.80000,31.30936,285.55604
1100.90000,31.33815,285.64786
1101.00000,31.36695,285.73971
1101.10000,31.39576,285.83153
1101.20000,31.42457,285.92332
1101.30000,31.45339,286.01506
1101.40000,31.48223,286.10673
1101.50000,31.51106,286.19841
1101.60000,31.53991,286.29010
1101.70000,31.56877,286.38170
1101.80000,31.59763,286.47332
1101.90000,31.62650,286.56494
1102.00000,31.65539,286.65654
1102.10000,31.68427,286.74810
1102.20000,31.71317,286.83964
1102.30000,31.74208,286.93113
1102.40000,31.77099,287.02260
1102.50000,31.79991,287.11407
1102.60000,31.82884,287.20553
1102.70000,31.85778,287.29693
1102.80000,31.88673,287.38836
1102.90000,31.91569,287.47973
1103.00000,31.94465,287.57111
1103.10000,31.97362,287.66243
1103.20000,32.00260,287.75376
1103.30000,32.03159,287.84505
1103.40000,32.06059,287.93633
1103.50000,32.08959,288.02757
1103.60000,32.11861,288.11884
1103.70000,32.14763,288.21008
1103.80000,32.17666,288.30133
1103.90000,32.20570,288.39253
1104.00000,32.23474,288.48370
1104.10000,32.26380,288.57482
1104.20000,32.29286,288.66595
1104.30000,32.32193,288.75704
1104.40000,32.35101,288.84809
1104.50000,32.38010,288.93914
1104.60000,32.40919,289.03018
1104.70000,32.43830,289.12119
1104.80000,32.46741,289.21219
1104.90000,32.49653,289.30312
1105.00000,32.52566,289.39404
1105.10000,32.55480,289.48495
1105.20000,32.58394,289.57585
1105.30000,32.61310,289.66676
1105.40000,32.64226,289.75763
1105.50000,32.67143,289.84848
1105.60000,32.70061,289.93934
1105.70000,32.72979,290.03013
1105.80000,32.75899,290.12088
1105.90000,32.78819,290.21163
1106.00000,32.81740,290.30238
1106.10000,32.84662,290.39311
1106.20000,32.87585,290.48380
1106.30000,32.90508,290.57446
1106.40000,32.93433,290.66512
1106.50000,32.96358,290.75574
1106.60000,32.99284,290.84635
1106.70000,33.02211,290.93692
1106.80000,33.05139,291.02750
1106.90000,33.08067,291.11808
1107.00000,33.10996,291.20865
1107.10000,33.13926,291.29916
1107.20000,33.16857,291.38968
1107.30000,33.19789,291.48015
1107.40000,33.22722,291.57060
1107.50000,33.25655,291.66099
1107.60000,33.28589,291.75136
1107.70000,33.31524,291.84175
1107.80000,33.34460,291.93213
1107.90000,33.37397,292.02247
1108.00000,33.40334,292.11279
1108.10000,33.43273,292.20312
1108.20000,33.46212,292.29342
1108.30000,33.49152,292.38366
1108.40000,33.52092,292.47390
1108.50000,33.55034,292.56412
1108.60000,33.57976,292.65433
1108.70000,33.60919,292.74457
1108.80000,33.63863,292.83479
1108.90000,33.66808,292.92497
1109.00000,33.69754,293.01510
1109.10000,33.72700,293.10525
1109.20000,33.75647,293.19531
1109.30000,33.78595,293.28535
1109.40000,33.81544,293.37538
1109.50000,33.84494,293.46540
1109.60000,33.87444,293.55540
1109.70000,33.90396,293.64542
1109.80000,33.93348,293.73539
1109.90000,33.96301,293.82536
1110.00000,33.99254,293.91529
1110.10000,34.02209,294.00520
1110.20000,34.05164,294.09509
1110.30000,34.08120,294.18497
1110.40000,34.11077,294.27483
1110.50000,34.14035,294.36472
1110.60000,34.16994,294.45453
1110.70000,34.19953,294.54439
1110.80000,34.22913,294.63418
1110.90000,34.25874,294.72397
1111.00000,34.28836,294.81370
1111.10000,34.31799,294.90338
1111.20000,34.34762,294.99309
1111.30000,34.37726,295.08275
1111.40000,34.40691,295.17240
1111.50000,34.43657,295.26205
1111.60000,34.46624,295.35173
1111.70000,34.49591,295.44139
1111.80000,34.52560,295.53102
1111.90000,34.55529,295.62064
1112.00000,34.58499,295.71017
1112.10000,34.61469,295.79970
1112.20000,34.64441,295.88921
1112.30000,34.67413,295.97864
1112.40000,34.70386,296.06807
1112.50000,34.73360,296.15753
1112.60000,34.76335,296.24702
1112.70000,34.79310,296.33641
1112.80000,34.82287,296.42586
1112.90000,34.85264,296.51525
1113.00000,34.88242,296.60458
1113.10000,34.91220,296.69392
1113.20000,34.94200,296.78323
1113.30000,34.97180,296.87253
1113.40000,35.00161,296.96183
1113.50000,35.03143,297.05111
1113.60000,35.06126,297.14040
1113.70000,35.09110,297.22963
1113.80000,35.12094,297.31889
1113.90000,35.15079,297.40807
1114.00000,35.18065,297.49725
1114.10000,35.21052,297.58637
1114.20000,35.24039,297.67553
1114.30000,35.27028,297.76471
1114.40000,35.30017,297.85381
1114.50000,35.33007,297.94290
1114.60000,35.35997,298.03199
1114.70000,35.38989,298.12103
1114.80000,35.41981,298.21005
1114.90000,35.44974,298.29906
1115.00000,35.47968,298.38807
1115.10000,35.50963,298.47704
1115.20000,35.53959,298.56599
1115.30000,35.56955,298.65496
1115.40000,35.59952,298.74388
1115.50000,35.62950,298.83281
1115.60000,35.65949,298.92171
1115.70000,35.68948,299.01057
1115.80000,35.71949,299.09939
1115.90000,35.74950,299.18823
1116.00000,35.77952,299.27703
1116.10000,35.80954,299.36580
1116.20000,35.83958,299.45459
1116.30000,35.86962,299.54339
1116.40000,35.89967,299.63215
1116.50000,35.92973,299.72087
1116.60000,35.95980,299.80961
1116.70000,35.98987,299.89832
1116.80000,36.01995,299.98697
1116.90000,36.05004,300.07563
1117.00000,36.08014,300.16426
1117.10000,36.11025,300.25289
1117.20000,36.14036,300.34150
1117.30000,36.17049,300.43007
1117.40000,36.20062,300.51864
1117.50000,36.23075,300.60713
1117.60000,36.26090,300.69568
1117.70000,36.29105,300.78418
1117.80000,36.32122,300.87269
1117.90000,36.35139,300.96122
1118.00000,36.38156,301.04972
1118.10000,36.41175,301.13820
1118.20000,36.44194,301.22663
1118.30000,36.47214,301.31506
1118.40000,36.50235,301.40347
1118.50000,36.53257,301.49181
1118.60000,36.56280,301.58022
1118.70000,36.59303,301.66852
1118.80000,36.62327,301.75686
1118.90000,36.65352,301.84516
1119.00000,36.68378,301.93343
1119.10000,36.71404,302.02171
1119.20000,36.74431,302.10996
1119.30000,36.77459,302.19819
1119.40000,36.80488,302.28638
1119.50000,36.83518,302.37457
1119.60000,36.86548,302.46282
1119.70000,36.89579,302.55099
1119.80000,36.92611,302.63916
1119.90000,36.95644,302.72731
1120.00000,36.98678,302.81544
1120.10000,37.01712,302.90356
1120.20000,37.04747,302.99168
1120.30000,37.07783,303.07974
1120.40000,37.10820,303.16779
1120.50000,37.13857,303.25581
1120.60000,37.16896,303.34386
1120.70000,37.19935,303.43183
1120.80000,37.22974,303.51979
1120.90000,37.26015,303.60777
1121.00000,37.29057,303.69572
1121.10000,37.32099,303.78346
1121.20000,37.35142,303.87098
1121.30000,37.38185,303.95859
1121.40000,37.41230,304.04676
1121.50000,37.44275,304.13594
1121.60000,37.47321,304.22643
1121.70000,37.50368,304.31852
1121.80000,37.53416,304.41236
1121.90000,37.56465,304.50788
1122.00000,37.59514,304.60485
1122.10000,37.62565,304.70274
1122.20000,37.65616,304.80138
1122.30000,37.68668,304.90069
1122.40000,37.71721,305.00069
1122.50000,37.74775,305.10136
1122.60000,37.77830,305.20254
1122.70000,37.80885,305.30434
1122.80000,37.83942,305.40665
1122.90000,37.86999,305.50947
1123.00000,37.90058,305.61273
1123.10000,37.93117,305.71645
1123.20000,37.96178,305.82061
1123.30000,37.99239,305.92515
1123.40000,38.02301,306.03014
1123.50000,38.05364,306.13556
1123.60000,38.08428,306.24131
1123.70000,38.11493,306.34743
1123.80000,38.14559,306.45389
1123.90000,38.17626,306.56072
1124.00000,38.20693,306.66780
1124.10000,38.23762,306.77524
1124.20000,38.26832,306.88295
1124.30000,38.29903,306.99097
1124.40000,38.32974,307.09934
1124.50000,38.36047,307.20801
1124.60000,38.39120,307.31696
1124.70000,38.42195,307.42617
1124.80000,38.45270,307.53570
1124.90000,38.48347,307.64548
1125.00000,38.51424,307.75545
1125.10000,38.54503,307.86569
1125.20000,38.57582,307.97612
1125.30000,38.60663,308.08677
1125.40000,38.63744,308.19769
1125.50000,38.66827,308.30889
1125.60000,38.69910,308.42032
1125.70000,38.72994,308.53193
1125.80000,38.76080,308.64381
1125.90000,38.79166,308.75584
1126.00000,38.82253,308.86810
1126.10000,38.85342,308.98058
1126.20000,38.88431,309.09324
1126.30000,38.91521,309.20608
1126.40000,38.94613,309.31916
1126.50000,38.97705,309.43248
1126.60000,39.00798,309.54592
1126.70000,39.03893,309.65956
1126.80000,39.06988,309.77337
1126.90000,39.10084,309.88728
1127.00000,39.13182,310.00142
1127.10000,39.16280,310.11571
1127.20000,39.19380,310.23022
1127.30000,39.22480,310.34490
1127.40000,39.25582,310.45976
1127.50000,39.28684,310.57480
1127.60000,39.31788,310.69000
1127.70000,39.34892,310.80538
1127.80000,39.37998,310.92086
1127.90000,39.41104,311.03645
1128.00000,39.44212,311.15223
1128.10000,39.47320,311.26815
1128.20000,39.50430,311.38426
1128.30000,39.53541,311.50051
1128.40000,39.56652,311.61689
1128.50000,39.59765,311.73346
1128.60000,39.62879,311.85016
1128.70000,39.65994,311.96695
1128.80000,39.69110,312.08386
1128.90000,39.72227,312.20094
1129.00000,39.75344,312.31814
1129.10000,39.78463,312.43552
1129.20000,39.81583,312.55300
1129.30000,39.84704,312.67057
1129.40000,39.87827,312.78829
1129.50000,39.90950,312.90614
1129.60000,39.94074,313.02409
1129.70000,39.97199,313.14215
1129.80000,40.00325,313.26035
1129.90000,40.03453,313.37873
1130.00000,40.06581,313.49718
1130.10000,40.09710,313.61579
1130.20000,40.12841,313.73449
1130.30000,40.15972,313.85328
1130.40000,40.19105,313.97217
1130.50000,40.22238,314.09119
1130.60000,40.25373,314.21032
1130.70000,40.28509,314.32959
1130.80000,40.31646,314.44894
1130.90000,40.34783,314.56845
1131.00000,40.37922,314.68800
1131.10000,40.41062,314.80767
1131.20000,40.44203,314.92746
1131.30000,40.47345,315.04731
1131.40000,40.50488,315.16729
1131.50000,40.53633,315.28742
1131.60000,40.56778,315.40761
1131.70000,40.59924,315.52788
1131.80000,40.63072,315.64829
1131.90000,40.66220,315.76882
1132.00000,40.69369,315.88941
1132.10000,40.72520,316.01005
1132.20000,40.75672,316.13078
1132.30000,40.78824,316.25155
1132.40000,40.81978,316.37244
1132.50000,40.85133,316.49345
1132.60000,40.88289,316.61457
1132.70000,40.91446,316.73581
1132.80000,40.94604,316.85722
1132.90000,40.97763,316.97863
1133.00000,41.00923,317.10017
1133.10000,41.04084,317.22172
1133.20000,41.07247,317.34335
1133.30000,41.10410,317.46502
1133.40000,41.13575,317.58685
1133.50000,41.16740,317.70880
1133.60000,41.19907,317.83085
1133.70000,41.23075,317.95298
1133.80000,41.26243,318.07517
1133.90000,41.29413,318.19735
1134.00000,41.32584,318.31967
1134.10000,41.35756,318.44203
1134.20000,41.38929,318.56447
1134.30000,41.42103,318.68701
1134.40000,41.45279,318.80963
1134.50000,41.48455,318.93232
1134.60000,41.51632,319.05505
1134.70000,41.54811,319.17789
1134.80000,41.57990,319.30080
1134.90000,41.61171,319.42374
1135.00000,41.64353,319.54678
1135.10000,41.67536,319.66988
1135.20000,41.70720,319.79309
1135.30000,41.73905,319.91637
1135.40000,41.77091,320.03970
1135.50000,41.80278,320.16316
1135.60000,41.83466,320.28668
1135.70000,41.86656,320.41028
1135.80000,41.89846,320.53388
1135.90000,41.93038,320.65755
1136.00000,41.96230,320.78127
1136.10000,41.99424,320.90500
1136.20000,42.02619,321.02883
1136.30000,42.05815,321.15269
1136.40000,42.09012,321.27674
1136.50000,42.12210,321.40087
1136.60000,42.15409,321.52499
1136.70000,42.18609,321.64922
1136.80000,42.21810,321.77353
1136.90000,42.25013,321.89785
1137.00000,42.28216,322.02225
1137.10000,42.31421,322.14663
1137.20000,42.34627,322.27112
1137.30000,42.37834,322.39567
1137.40000,42.41042,322.52034
1137.50000,42.44251,322.64501
1137.60000,42.47461,322.76968
1137.70000,42.50672,322.89453
1137.80000,42.53884,323.01939
1137.90000,42.57098,323.14426
1138.00000,42.60312,323.26927
1138.10000,42.63528,323.39427
1138.20000,42.66744,323.51935
1138.30000,42.69962,323.64450
1138.40000,42.73181,323.76971
1138.50000,42.76401,323.89496
1138.60000,42.79622,324.02025
1138.70000,42.82844,324.14558
1138.80000,42.86068,324.27099
1138.90000,42.89292,324.39646
1139.00000,42.92518,324.52200
1139.10000,42.95744,324.64762
1139.20000,42.98972,324.77326
1139.30000,43.02201,324.89897
1139.40000,43.05431,325.02472
1139.50000,43.08662,325.15050
1139.60000,43.11894,325.27631
1139.70000,43.15127,325.40210
1139.80000,43.18361,325.52802
1139.90000,43.21597,325.65395
1140.00000,43.24833,325.77997
1140.10000,43.28071,325.90608
1140.20000,43.31310,326.03214
1140.30000,43.34550,326.15826
1140.40000,43.37790,326.28442
1140.50000,43.41033,326.41066
1140.60000,43.44276,326.53695
1140.70000,43.47520,326.66327
1140.80000,43.50765,326.78974
1140.90000,43.54012,326.91620
1141.00000,43.57260,327.04272
1141.10000,43.60508,327.16928
1141.20000,43.63758,327.29583
1141.30000,43.67009,327.42238
1141.40000,43.70261,327.54900
1141.50000,43.73514,327.67572
1141.60000,43.76768,327.80243
1141.70000,43.80024,327.92928
1141.80000,43.83280,328.05615
1141.90000,43.86538,328.18308
1142.00000,43.89797,328.31002
1142.10000,43.93056,328.43699
1142.20000,43.96317,328.56393
1142.30000,43.99579,328.69093
1142.40000,44.02843,328.81797
1142.50000,44.06107,328.94510
1142.60000,44.09372,329.07226
1142.70000,44.12639,329.19948
1142.80000,44.15906,329.32671
1142.90000,44.19175,329.45402
1143.00000,44.22445,329.58135
1143.10000,44.25716,329.70867
1143.20000,44.28988,329.83606
1143.30000,44.32261,329.96349
1143.40000,44.35535,330.09098
1143.50000,44.38811,330.21854
1143.60000,44.42087,330.34611
1143.70000,44.45365,330.47368
1143.80000,44.48644,330.60132
1143.90000,44.51924,330.72898
1144.00000,44.55205,330.85673
1144.10000,44.58487,330.98443
1144.20000,44.61770,331.11220
1144.30000,44.65054,331.24001
1144.40000,44.68340,331.36787
1144.50000,44.71626,331.49573
1144.60000,44.74914,331.62366
1144.70000,44.78203,331.75163
1144.80000,44.81493,331.87964
1144.90000,44.84784,332.00764
1145.00000,44.88076,332.13572
1145.10000,44.91369,332.26379
1145.20000,44.94664,332.39187
1145.30000,44.97959,332.52001
1145.40000,45.01256,332.64812
1145.50000,45.04554,332.77631
1145.60000,45.07852,332.90461
1145.70000,45.11152,333.03296
1145.80000,45.14454,333.16127
1145.90000,45.17756,333.28964
1146.00000,45.21059,333.41805
1146.10000,45.24364,333.54648
1146.20000,45.27669,333.67492
1146.30000,45.30976,333.80340
1146.40000,45.34284,333.93190
1146.50000,45.37593,334.06044
1146.60000,45.40903,334.18904
1146.70000,45.44214,334.31764
1146.80000,45.47526,334.44621
1146.90000,45.50840,334.57481
1147.00000,45.54154,334.70342
1147.10000,45.57470,334.83205
1147.20000,45.60787,334.96079
1147.30000,45.64105,335.08959
1147.40000,45.67424,335.21842
1147.50000,45.70744,335.34730
1147.60000,45.74065,335.47627
1147.70000,45.77388,335.60527
1147.80000,45.80711,335.73420
1147.90000,45.84036,335.86317
1148.00000,45.87362,335.99214
1148.10000,45.90689,336.12113
1148.20000,45.94017,336.25016
1148.30000,45.97346,336.37918
1148.40000,46.00676,336.50827
1148.50000,46.04008,336.63741
1148.60000,46.07340,336.76659
1148.70000,46.10674,336.89579
1148.80000,46.14009,337.02496
1148.90000,46.17344,337.15424
1149.00000,46.20682,337.28352
1149.10000,46.24020,337.41286
1149.20000,46.27359,337.54213
1149.30000,46.30699,337.67143
1149.40000,46.34041,337.80078
1149.50000,46.37384,337.93012
1149.60000,46.40727,338.05951
1149.70000,46.44072,338.18892
1149.80000,46.47418,338.31838
1149.90000,46.50766,338.44792
1150.00000,46.54114,338.57742
1150.10000,46.57463,338.70698
1150.20000,46.60814,338.83654
1150.30000,46.64165,338.96613
1150.40000,46.67518,339.09572
1150.50000,46.70872,339.22540
1150.60000,46.74227,339.35504
1150.70000,46.77583,339.48467
1150.80000,46.80941,339.61443
1150.90000,46.84299,339.74415
1151.00000,46.87659,339.87385
1151.10000,46.91019,340.00363
1151.20000,46.94381,340.13344
1151.30000,46.97744,340.26326
1151.40000,47.01108,340.39313
1151.50000,47.04474,340.52306
1151.60000,47.07840,340.65293
1151.70000,47.11207,340.78286
1151.80000,47.14576,340.91288
1151.90000,47.17946,341.04282
1152.00000,47.21316,341.17279
1152.10000,47.24688,341.30274
1152.20000,47.28062,341.43272
1152.30000,47.31436,341.56273
1152.40000,47.34811,341.69278
1152.50000,47.38188,341.82289
1152.60000,47.41565,341.95304
1152.70000,47.44944,342.08321
1152.80000,47.48324,342.21339
1152.90000,47.51705,342.34357
1153.00000,47.55087,342.47374
1153.10000,47.58470,342.60390
1153.20000,47.61855,342.73411
1153.30000,47.65240,342.86436
1153.40000,47.68627,342.99464
1153.50000,47.72015,343.12493
1153.60000,47.75403,343.25528
1153.70000,47.78793,343.38562
1153.80000,47.82185,343.51596
1153.90000,47.85577,343.64638
1154.00000,47.88970,343.77679
1154.10000,47.92365,343.90718
1154.20000,47.95761,344.03761
1154.30000,47.99157,344.16809
1154.40000,48.02555,344.29851
1154.50000,48.05954,344.42897
1154.60000,48.09355,344.55943
1154.70000,48.12756,344.68992
1154.80000,48.16158,344.82043
1154.90000,48.19562,344.95105
1155.00000,48.22967,345.08163
1155.10000,48.26373,345.21227
1155.20000,48.29780,345.34297
1155.30000,48.33188,345.47363
1155.40000,48.36597,345.60429
1155.50000,48.40007,345.73497
1155.60000,48.43419,345.86559
1155.70000,48.46832,345.99622
1155.80000,48.50245,346.12691
1155.90000,48.53660,346.25768
1156.00000,48.57076,346.38847
1156.10000,48.60493,346.51924
1156.20000,48.63912,346.65008
1156.30000,48.67331,346.78087
1156.40000,48.70752,346.91170
1156.50000,48.74173,347.04255
1156.60000,48.77596,347.17342
1156.70000,48.81020,347.30426
1156.80000,48.84445,347.43516
1156.90000,48.87872,347.56607
1157.00000,48.91299,347.69701
1157.10000,48.94727,347.82789
1157.20000,48.98157,347.95889
1157.30000,49.01588,348.08989
1157.40000,49.05020,348.22086
1157.50000,49.08453,348.35189
1157.60000,49.11887,348.48288
1157.70000,49.15322,348.61385
1157.80000,49.18758,348.74491
1157.90000,49.22196,348.87593
1158.00000,49.25635,349.00702
1158.10000,49.29075,349.13814
1158.20000,49.32515,349.26926
1158.30000,49.35958,349.40044
1158.40000,49.39401,349.53159
1158.50000,49.42845,349.66281
1158.60000,49.46291,349.79399
1158.70000,49.49737,349.92515
1158.80000,49.53185,350.05641
1158.90000,49.56634,350.18768
1159.00000,49.60084,350.31896
1159.10000,49.63535,350.45020
1159.20000,49.66987,350.58138
1159.30000,49.70440,350.71272
1159.40000,49.73895,350.84399
1159.50000,49.77351,350.97530
1159.60000,49.80807,351.10660
1159.70000,49.84265,351.23787
1159.80000,49.87724,351.36925
1159.90000,49.91185,351.50067
1160.00000,49.94646,351.63206
1160.10000,49.98108,351.76342
1160.20000,50.01572,351.89481
1160.30000,50.05037,352.02624
1160.40000,50.08503,352.15757
1160.50000,50.11969,352.28905
1160.60000,50.15438,352.42052
1160.70000,50.18907,352.55204
1160.80000,50.22377,352.68356
1160.90000,50.25849,352.81501
1161.00000,50.29321,352.94648
1161.10000,50.32795,353.07799
1161.20000,50.36270,353.20951
1161.30000,50.39746,353.34101
1161.40000,50.43223,353.47255
1161.50000,50.46702,353.60417
1161.60000,50.50181,353.73576
1161.70000,50.53662,353.86741
1161.80000,50.57143,353.99900
1161.90000,50.60626,354.13055
1162.00000,50.64110,354.26215
1162.10000,50.67595,354.39379
1162.20000,50.71081,354.52541
1162.30000,50.74569,354.65713
1162.40000,50.78057,354.78883
1162.50000,50.81547,354.92046
1162.60000,50.85038,355.05217
1162.70000,50.88530,355.18396
1162.80000,50.92023,355.31573
1162.90000,50.95517,355.44745
1163.00000,50.99012,355.57914
1163.10000,51.02509,355.71087
1163.20000,51.06006,355.84261
1163.30000,51.09505,355.97439
1163.40000,51.13005,356.10612
1163.50000,51.16506,356.23784
1163.60000,51.20008,356.36971
1163.70000,51.23511,356.50161
1163.80000,51.27015,356.63349
1163.90000,51.30521,356.76541
1164.00000,51.34028,356.89727
1164.10000,51.37535,357.02922
1164.20000,51.41044,357.16111
1164.30000,51.44554,357.29296
1164.40000,51.48065,357.42482
1164.50000,51.51578,357.55667
1164.60000,51.55091,357.68857
1164.70000,51.58606,357.82048
1164.80000,51.62121,357.95244
1164.90000,51.65638,358.08448
1165.00000,51.69156,358.21648
1165.10000,51.72675,358.34852
1165.20000,51.76195,358.48046
1165.30000,51.79717,358.61245
1165.40000,51.83239,358.74441
1165.50000,51.86763,358.87642
1165.60000,51.90288,359.00844
1165.70000,51.93814,359.14049
1165.80000,51.97341,359.27258
1165.90000,52.00869,359.40467
1166.00000,52.04398,359.53677
1166.10000,52.07928,359.66886
1166.20000,52.11460,359.80092
1166.30000,52.14993,359.93300
1166.40000,52.18527,360.06502
1166.50000,52.22061,360.19720
1166.60000,52.25598,360.32935
1166.70000,52.29135,360.46149
1166.80000,52.32673,360.59368
1166.90000,52.36213,360.72588
1167.00000,52.39753,360.85804
1167.10000,52.43295,360.99021
1167.20000,52.46838,361.12235
1167.30000,52.50382,361.25452
1167.40000,52.53927,361.38665
1167.50000,52.57473,361.51887
1167.60000,52.61021,361.65105
1167.70000,52.64569,361.78329
1167.80000,52.68119,361.91562
1167.90000,52.71670,362.04795
1168.00000,52.75222,362.18017
1168.10000,52.78775,362.31247
1168.20000,52.82329,362.44469
1168.30000,52.85884,362.57695
1168.40000,52.89441,362.70911
1168.50000,52.92998,362.84136
1168.60000,52.96557,362.97365
1168.70000,53.00117,363.10600
1168.80000,53.03678,363.23840
1168.90000,53.07240,363.37075
1169.00000,53.10803,363.50310
1169.10000,53.14368,363.63548
1169.20000,53.17933,363.76784
1169.30000,53.21500,363.90016
1169.40000,53.25068,364.03248
1169.50000,53.28637,364.16481
1169.60000,53.32207,364.29715
1169.70000,53.35778,364.42955
1169.80000,53.39350,364.56192
1169.90000,53.42924,364.69432
1170.00000,53.46498,364.82679
1170.10000,53.50074,364.95929
1170.20000,53.53651,365.09176
1170.30000,53.57229,365.22417
1170.40000,53.60808,365.35663
1170.50000,53.64388,365.48904
1170.60000,53.67969,365.62151
1170.70000,53.71552,365.75398
1170.80000,53.75136,365.88639
1170.90000,53.78720,366.01893
1171.00000,53.82306,366.15147
1171.10000,53.85893,366.28397
1171.20000,53.89481,366.41646
1171.30000,53.93071,366.54897
1171.40000,53.96661,366.68155
1171.50000,54.00253,366.81406
1171.60000,54.03845,366.94660
1171.70000,54.07439,367.07916
1171.80000,54.11034,367.21163
1171.90000,54.14630,367.34425
1172.00000,54.18227,367.47675
1172.10000,54.21826,367.60932
1172.20000,54.25425,367.74189
1172.30000,54.29026,367.87440
1172.40000,54.32628,368.00698
1172.50000,54.36230,368.13950
1172.60000,54.39834,368.27210
1172.70000,54.43439,368.40475
1172.80000,54.47046,368.53729
1172.90000,54.50653,368.66989
1173.00000,54.54262,368.80249
1173.10000,54.57871,368.93519
1173.20000,54.61482,369.06781
1173.30000,54.65094,369.20051
1173.40000,54.68707,369.33324
1173.50000,54.72321,369.46598
1173.60000,54.75937,369.59874
1173.70000,54.79553,369.73146
1173.80000,54.83171,369.86411
1173.90000,54.86789,369.99673
1174.00000,54.90409,370.12942
1174.10000,54.94030,370.26208
1174.20000,54.97652,370.39468
1174.30000,55.01275,370.52737
1174.40000,55.04900,370.66002
1174.50000,55.08525,370.79275
1174.60000,55.12152,370.92548
1174.70000,55.15779,371.05828
1174.80000,55.19408,371.19104
1174.90000,55.23038,371.32382
1175.00000,55.26669,371.45658
1175.10000,55.30302,371.58931
1175.20000,55.33935,371.72198
1175.30000,55.37570,371.85467
1175.40000,55.41205,371.98744
1175.50000,55.44842,372.12029
1175.60000,55.48480,372.25314
1175.70000,55.52119,372.38605
1175.80000,55.55759,372.51892
1175.90000,55.59400,372.65174
1176.00000,55.63043,372.78451
1176.10000,55.66686,372.91732
1176.20000,55.70331,373.05007
1176.30000,55.73977,373.18282
1176.40000,55.77624,373.31568
1176.50000,55.81272,373.44856
1176.60000,55.84921,373.58137
1176.70000,55.88571,373.71429
1176.80000,55.92223,373.84710
1176.90000,55.95875,373.97990
1177.00000,55.99529,374.11276
1177.10000,56.03184,374.24561
1177.20000,56.06840,374.37847
1177.30000,56.10497,374.51136
1177.40000,56.14155,374.64429
1177.50000,56.17815,374.77720
1177.60000,56.21475,374.91003
1177.70000,56.25137,375.04301
1177.80000,56.28799,375.17586
1177.90000,56.32463,375.30883
1178.00000,56.36128,375.44182
1178.10000,56.39794,375.57474
1178.20000,56.43462,375.70771
1178.30000,56.47130,375.84064
1178.40000,56.50800,375.97355
1178.50000,56.54470,376.10642
1178.60000,56.58142,376.23922
1178.70000,56.61815,376.37216
1178.80000,56.65489,376.50502
1178.90000,56.69164,376.63803
1179.00000,56.72840,376.77099
1179.10000,56.76518,376.90401
1179.20000,56.80196,377.03700
1179.30000,56.83876,377.16997
1179.40000,56.87557,377.30301
1179.50000,56.91239,377.43602
1179.60000,56.94922,377.56891
1179.70000,56.98606,377.70193
1179.80000,57.02291,377.83490
1179.90000,57.05978,377.96789
1180.00000,57.09665,378.10079
1180.10000,57.13354,378.23385
1180.20000,57.17044,378.36686
1180.30000,57.20735,378.49995
1180.40000,57.24427,378.63308
1180.50000,57.28120,378.76613
1180.60000,57.31814,378.89914
1180.70000,57.35510,379.03220
1180.80000,57.39206,379.16519
1180.90000,57.42904,379.29825
1181.00000,57.46603,379.43125
1181.10000,57.50303,379.56432
1181.20000,57.54004,379.69741
1181.30000,57.57706,379.83053
1181.40000,57.61409,379.96357
1181.50000,57.65114,380.09664
1181.60000,57.68819,380.22973
1181.70000,57.72526,380.36274
1181.80000,57.76234,380.49579
1181.90000,57.79943,380.62899
1182.00000,57.83653,380.76207
1182.10000,57.87364,380.89514
1182.20000,57.91076,381.02824
1182.30000,57.94790,381.16132
1182.40000,57.98504,381.29438
1182.50000,58.02220,381.42750
1182.60000,58.05937,381.56058
1182.70000,58.09655,381.69369
1182.80000,58.13374,381.82683
1182.90000,58.17094,381.95999
1183.00000,58.20816,382.09310
1183.10000,58.24538,382.22630
1183.20000,58.28262,382.35943
1183.30000,58.31986,382.49257
1183.40000,58.35712,382.62564
1183.50000,58.39439,382.75877
1183.60000,58.43167,382.89187
1183.70000,58.46897,383.02503
1183.80000,58.50627,383.15827
1183.90000,58.54358,383.29132
1184.00000,58.58091,383.42396
1184.10000,58.61825,383.55678
1184.20000,58.65559,383.69008
1184.30000,58.69295,383.82446
1184.40000,58.73033,383.96026
1184.50000,58.76771,384.09793
1184.60000,58.80510,384.23735
1184.70000,58.84251,384.37846
1184.80000,58.87993,384.52107
1184.90000,58.91736,384.66445
1185.00000,58.95480,384.80817
1185.10000,58.99225,384.95245
1185.20000,59.02972,385.09721
1185.30000,59.06720,385.24241
1185.40000,59.10469,385.38798
1185.50000,59.14219,385.53397
1185.60000,59.17971,385.68017
1185.70000,59.21724,385.82659
1185.80000,59.25478,385.97334
1185.90000,59.29233,386.12035
1186.00000,59.32990,386.26755
1186.10000,59.36747,386.41494
1186.20000,59.40506,386.56263
1186.30000,59.44267,386.71049
1186.40000,59.48028,386.85849
1186.50000,59.51791,387.00676
1186.60000,59.55555,387.15512
1186.70000,59.59320,387.30372
1186.80000,59.63087,387.45255
1186.90000,59.66854,387.60151
1187.00000,59.70623,387.75057
1187.10000,59.74394,387.89972
1187.20000,59.78165,388.04900
1187.30000,59.81938,388.19832
1187.40000,59.85712,388.34783
1187.50000,59.89487,388.49749
1187.60000,59.93264,388.64717
1187.70000,59.97042,388.79705
1187.80000,60.00821,388.94700
1187.90000,60.04601,389.09709
1188.00000,60.08383,389.24724
1188.10000,60.12166,389.39739
1188.20000,60.15950,389.54759
1188.30000,60.19735,389.69795
1188.40000,60.23522,389.84852
1188.50000,60.27310,389.99923
1188.60000,60.31099,390.14993
1188.70000,60.34890,390.30072
1188.80000,60.38681,390.45158
1188.90000,60.42474,390.60257
1189.00000,60.46269,390.75355
1189.10000,60.50064,390.90449
1189.20000,60.53861,391.05556
1189.30000,60.57659,391.20673
1189.40000,60.61458,391.35802
1189.50000,60.65259,391.50936
1189.60000,60.69061,391.66072
1189.70000,60.72864,391.81211
1189.80000,60.76669,391.96353
1189.90000,60.80474,392.11508
1190.00000,60.84281,392.26664
1190.10000,60.88090,392.41823
1190.20000,60.91899,392.56983
1190.30000,60.95710,392.72147
1190.40000,60.99522,392.87324
1190.50000,61.03336,393.02506
1190.60000,61.07150,393.17694
1190.70000,61.10966,393.32874
1190.80000,61.14783,393.48070
1190.90000,61.18602,393.63275
1191.00000,61.22422,393.78486
1191.10000,61.26243,393.93700
1191.20000,61.30065,394.08912
1191.30000,61.33889,394.24135
1191.40000,61.37713,394.39364
1191.50000,61.41540,394.54592
1191.60000,61.45367,394.69816
1191.70000,61.49196,394.85037
1191.80000,61.53026,395.00268
1191.90000,61.56857,395.15502
1192.00000,61.60689,395.30758
1192.10000,61.64523,395.46009
1192.20000,61.68358,395.61270
1192.30000,61.72195,395.76529
1192.40000,61.76032,395.91788
1192.50000,61.79871,396.07051
1192.60000,61.83712,396.22310
1192.70000,61.87553,396.37565
1192.80000,61.91396,396.52823
1192.90000,61.95240,396.68093
1193.00000,61.99085,396.83374
1193.10000,62.02932,396.98650
1193.20000,62.06780,397.13937
1193.30000,62.10629,397.29213
1193.40000,62.14479,397.44501
1193.50000,62.18331,397.59796
1193.60000,62.22184,397.75090
1193.70000,62.26038,397.90380
1193.80000,62.29894,398.05674
1193.90000,62.33751,398.20971
1194.00000,62.37609,398.36271
1194.10000,62.41468,398.51577
1194.20000,62.45329,398.66878
1194.30000,62.49191,398.82169
1194.40000,62.53054,398.97477
1194.50000,62.56919,399.12789
1194.60000,62.60785,399.28103
1194.70000,62.64652,399.43419
1194.80000,62.68520,399.58737
1194.90000,62.72390,399.74056
1195.00000,62.76261,399.89377
1195.10000,62.80133,400.04704
1195.20000,62.84007,400.20028
1195.30000,62.87881,400.35348
1195.40000,62.91758,400.50675
1195.50000,62.95635,400.66003
1195.60000,62.99514,400.81334
1195.70000,63.03394,400.96673
1195.80000,63.07275,401.12007
1195.90000,63.11157,401.27337
1196.00000,63.15041,401.42672
1196.10000,63.18926,401.58016
1196.20000,63.22812,401.73360
1196.30000,63.26700,401.88702
1196.40000,63.30589,402.04045
1196.50000,63.34479,402.19401
1196.60000,63.38371,402.34754
1196.70000,63.42263,402.50109
1196.80000,63.46157,402.65454
1196.90000,63.50053,402.80799
1197.00000,63.53949,402.96153
1197.10000,63.57847,403.11511
1197.20000,63.61746,403.26863
1197.30000,63.65647,403.42224
1197.40000,63.69549,403.57575
1197.50000,63.73452,403.72938
1197.60000,63.77356,403.88300
1197.70000,63.81262,404.03659
1197.80000,63.85168,404.19014
1197.90000,63.89077,404.34371
1198.00000,63.92986,404.49732
1198.10000,63.96897,404.65103
1198.20000,64.00809,404.80473
1198.30000,64.04722,404.95839
1198.40000,64.08637,405.11203
1198.50000,64.12552,405.26577
1198.60000,64.16470,405.41954
1198.70000,64.20388,405.57329
1198.80000,64.24308,405.72701
1198.90000,64.28229,405.88076
1199.00000,64.32151,406.03454
1199.10000,64.36075,406.18838
1199.20000,64.39999,406.34219
1199.30000,64.43925,406.49590
1199.40000,64.47853,406.64972
1199.50000,64.51782,406.80351
1199.60000,64.55711,406.95725
1199.70000,64.59643,407.11108
1199.80000,64.63575,407.26487
1199.90000,64.67509,407.41872
1200.00000,64.71444,407.57256
1200.10000,64.75380,407.72642
1200.20000,64.79318,407.88023
1200.30000,64.83257,408.03393
1200.40000,64.87197,408.18770
1200.50000,64.91139,408.34150
1200.60000,64.95082,408.49538
1200.70000,64.99026,408.64926
1200.80000,65.02971,408.80317
1200.90000,65.06918,408.95709
1201.00000,65.10865,409.11103
1201.10000,65.14815,409.26499
1201.20000,65.18765,409.41893
1201.30000,65.22717,409.57274
1201.40000,65.26670,409.72660
1201.50000,65.30624,409.88051
1201.60000,65.34580,410.03449
1201.70000,65.38537,410.18836
1201.80000,65.42495,410.34228
1201.90000,65.46454,410.49615
1202.00000,65.50415,410.65008
1202.10000,65.54377,410.80405
1202.20000,65.58340,410.95799
1202.30000,65.62305,411.11183
1202.40000,65.66271,411.26580
1202.50000,65.70238,411.41973
1202.60000,65.74206,411.57376
1202.70000,65.78176,411.72772
1202.80000,65.82147,411.88168
1202.90000,65.86119,412.03562
1203.00000,65.90092,412.18957
1203.10000,65.94067,412.34356
1203.20000,65.98043,412.49746
1203.30000,66.02021,412.65155
1203.40000,66.05999,412.80563
1203.50000,66.09979,412.95958
1203.60000,66.13960,413.11366
1203.70000,66.17943,413.26772
1203.80000,66.21927,413.42164
1203.90000,66.25912,413.57565
1204.00000,66.29898,413.72960
1204.10000,66.33885,413.88354
1204.20000,66.37874,414.03745
1204.30000,66.41865,414.19145
1204.40000,66.45856,414.34535
1204.50000,66.49849,414.49933
1204.60000,66.53843,414.65344
1204.70000,66.57838,414.80747
1204.80000,66.61834,414.96151
1204.90000,66.65832,415.11569
1205.00000,66.69831,415.26978
1205.10000,66.73832,415.42384
1205.20000,66.77833,415.57789
1205.30000,66.81836,415.73188
1205.40000,66.85840,415.88589
1205.50000,66.89846,416.03996
1205.60000,66.93853,416.19399
1205.70000,66.97861,416.34799
1205.80000,67.01870,416.50204
1205.90000,67.05881,416.65610
1206.00000,67.09893,416.81008
1206.10000,67.13906,416.96413
1206.20000,67.17920,417.11813
1206.30000,67.21936,417.27206
1206.40000,67.25953,417.42606
1206.50000,67.29971,417.58005
1206.60000,67.33991,417.73405
1206.70000,67.38011,417.88810
1206.80000,67.42034,418.04217
1206.90000,67.46057,418.19621
1207.00000,67.50082,418.35026
1207.10000,67.54107,418.50442
1207.20000,67.58135,418.65844
1207.30000,67.62163,418.81239
1207.40000,67.66193,418.96647
1207.50000,67.70224,419.12051
1207.60000,67.74256,419.27456
1207.70000,67.78290,419.42867
1207.80000,67.82325,419.58271
1207.90000,67.86361,419.73670
1208.00000,67.90398,419.89076
1208.10000,67.94437,420.04482
1208.20000,67.98477,420.19880
1208.30000,68.02518,420.35278
1208.40000,68.06560,420.50679
1208.50000,68.10604,420.66083
1208.60000,68.14649,420.81490
1208.70000,68.18696,420.96892
1208.80000,68.22743,421.12292
1208.90000,68.26792,421.27700
1209.00000,68.30842,421.43108
1209.10000,68.34894,421.58506
1209.20000,68.38946,421.73913
1209.30000,68.43000,421.89317
1209.40000,68.47056,422.04725
1209.50000,68.51112,422.20138
1209.60000,68.55170,422.35544
1209.70000,68.59229,422.50941
1209.80000,68.63289,422.66347
1209.90000,68.67351,422.81745
1210.00000,68.71414,422.97147
1210.10000,68.75478,423.12542
1210.20000,68.79543,423.27949
1210.30000,68.83610,423.43353
1210.40000,68.87678,423.58762
1210.50000,68.91747,423.74173
1210.60000,68.95818,423.89578
1210.70000,68.99890,424.04972
1210.80000,69.03963,424.20372
1210.90000,69.08037,424.35754
1211.00000,69.12113,424.51151
1211.10000,69.16189,424.66539
1211.20000,69.20268,424.81937
1211.30000,69.24347,424.97337
1211.40000,69.28428,425.12738
1211.50000,69.32510,425.28152
1211.60000,69.36593,425.43556
1211.70000,69.40677,425.58953
1211.80000,69.44763,425.74354
1211.90000,69.48850,425.89749
1212.00000,69.52938,426.05146
1212.10000,69.57028,426.20534
1212.20000,69.61119,426.35930
1212.30000,69.65211,426.51325
1212.40000,69.69304,426.66721
1212.50000,69.73399,426.82122
1212.60000,69.77495,426.97506
1212.70000,69.81592,427.12907
1212.80000,69.85691,427.28295
1212.90000,69.89790,427.43699
1213.00000,69.93891,427.59102
1213.10000,69.97994,427.74505
1213.20000,70.02097,427.89908
1213.30000,70.06202,428.05301
1213.40000,70.10308,428.20700
1213.50000,70.14416,428.36089
1213.60000,70.18524,428.51477
1213.70000,70.22634,428.66870
1213.80000,70.26745,428.82257
1213.90000,70.30858,428.97655
1214.00000,70.34971,429.13056
1214.10000,70.39086,429.28454
1214.20000,70.43203,429.43853
1214.30000,70.47320,429.59241
1214.40000,70.51439,429.74635
1214.50000,70.55559,429.90022
1214.60000,70.59680,430.05413
1214.70000,70.63803,430.20799
1214.80000,70.67927,430.36194
1214.90000,70.72052,430.51584
1215.00000,70.76178,430.66975
1215.10000,70.80306,430.82365
1215.20000,70.84435,430.97761
1215.30000,70.88565,431.13143
1215.40000,70.92696,431.28533
1215.50000,70.96829,431.43928
1215.60000,71.00963,431.59316
1215.70000,71.05098,431.74698
1215.80000,71.09235,431.90086
1215.90000,71.13373,432.05473
1216.00000,71.17512,432.20860
1216.10000,71.21652,432.36246
1216.20000,71.25793,432.51636
1216.30000,71.29936,432.67014
1216.40000,71.34080,432.82403
1216.50000,71.38226,432.97791
1216.60000,71.42372,433.13179
1216.70000,71.46520,433.28566
1216.80000,71.50669,433.43955
1216.90000,71.54820,433.59340
1217.00000,71.58971,433.74729
1217.10000,71.63124,433.90106
1217.20000,71.67279,434.05484
1217.30000,71.71434,434.20856
1217.40000,71.75591,434.36230
1217.50000,71.79749,434.51613
1217.60000,71.83908,434.66993
1217.70000,71.88069,434.82380
1217.80000,71.92230,434.97770
1217.90000,71.96394,435.13150
1218.00000,72.00558,435.28535
1218.10000,72.04723,435.43918
1218.20000,72.08890,435.59300
1218.30000,72.13058,435.74691
1218.40000,72.17228,435.90070
1218.50000,72.21398,436.05453
1218.60000,72.25570,436.20826
1218.70000,72.29743,436.36195
1218.80000,72.33918,436.51570
1218.90000,72.38093,436.66939
1219.00000,72.42270,436.82319
1219.10000,72.46449,436.97700
1219.20000,72.50628,437.13074
1219.30000,72.54809,437.28457
1219.40000,72.58991,437.43829
1219.50000,72.63174,437.59201
1219.60000,72.67359,437.74576
1219.70000,72.71544,437.89945
1219.80000,72.75731,438.05321
1219.90000,72.79920,438.20692
1220.00000,72.84109,438.36074
1220.10000,72.88300,438.51448
1220.20000,72.92492,438.66815
1220.30000,72.96685,438.82189
1220.40000,73.00880,438.97554
1220.50000,73.05076,439.12924
1220.60000,73.09273,439.28302
1220.70000,73.13471,439.43676
1220.80000,73.17671,439.59045
1220.90000,73.21872,439.74410
1221.00000,73.26074,439.89790
1221.10000,73.30277,440.05157
1221.20000,73.34482,440.20527
1221.30000,73.38688,440.35896
1221.40000,73.42895,440.51261
1221.50000,73.47104,440.66626
1221.60000,73.51313,440.81986
1221.70000,73.55524,440.97350
1221.80000,73.59736,441.12707
1221.90000,73.63950,441.28067
1222.00000,73.68165,441.43433
1222.10000,73.72381,441.58790
1222.20000,73.76598,441.74166
1222.30000,73.80816,441.89540
1222.40000,73.85036,442.04904
1222.50000,73.89257,442.20266
1222.60000,73.93479,442.35629
1222.70000,73.97703,442.50996
1222.80000,74.01928,442.66354
1222.90000,74.06154,442.81719
1223.00000,74.10381,442.97071
1223.10000,74.14610,443.12430
1223.20000,74.18839,443.27791
1223.30000,74.23070,443.43150
1223.40000,74.27303,443.58494
1223.50000,74.31536,443.73853
1223.60000,74.35771,443.89207
1223.70000,74.40007,444.04574
1223.80000,74.44244,444.19928
1223.90000,74.48483,444.35287
1224.00000,74.52723,444.50640
1224.10000,74.56964,444.66000
1224.20000,74.61206,444.81348
1224.30000,74.65450,444.96708
1224.40000,74.69695,445.12072
1224.50000,74.73941,445.27433
1224.60000,74.78188,445.42792
1224.70000,74.82437,445.58152
1224.80000,74.86687,445.73491
1224.90000,74.90938,445.88835
1225.00000,74.95190,446.04175
1225.10000,74.99444,446.19515
1225.20000,75.03699,446.34855
1225.30000,75.07955,446.50208
1225.40000,75.12212,446.65566
1225.50000,75.16471,446.80913
1225.60000,75.20731,446.96267
1225.70000,75.24992,447.11616
1225.80000,75.29254,447.26968
1225.90000,75.33518,447.42313
1226.00000,75.37783,447.57664
1226.10000,75.42049,447.73014
1226.20000,75.46317,447.88364
1226.30000,75.50585,448.03712
1226.40000,75.54855,448.19054
1226.50000,75.59126,448.34399
1226.60000,75.63399,448.49742
1226.70000,75.67672,448.65098
1226.80000,75.71947,448.80443
1226.90000,75.76224,448.95780
1227.00000,75.80501,449.11129
1227.10000,75.84780,449.26471
1227.20000,75.89060,449.41814
1227.30000,75.93341,449.57151
1227.40000,75.97623,449.72484
1227.50000,76.01907,449.87830
1227.60000,76.06192,450.03169
1227.70000,76.10478,450.18516
1227.80000,76.14765,450.33844
1227.90000,76.19054,450.49182
1228.00000,76.23344,450.64518
1228.10000,76.27635,450.79847
1228.20000,76.31927,450.95186
1228.30000,76.36221,451.10521
1228.40000,76.40516,451.25858
1228.50000,76.44812,451.41198
1228.60000,76.49110,451.56533
1228.70000,76.53408,451.71863
1228.80000,76.57708,451.87199
1228.90000,76.62009,452.02540
1229.00000,76.66312,452.17877
1229.10000,76.70615,452.33214
1229.20000,76.74920,452.48555
1229.30000,76.79226,452.63891
1229.40000,76.83534,452.79218
1229.50000,76.87842,452.94543
1229.60000,76.92152,453.09866
1229.70000,76.96463,453.25189
1229.80000,77.00776,453.40517
1229.90000,77.05089,453.55841
1230.00000,77.09404,453.71172
1230.10000,77.13720,453.86496
1230.20000,77.18038,454.01820
1230.30000,77.22356,454.17147
1230.40000,77.26676,454.32479
1230.50000,77.30997,454.47806
1230.60000,77.35320,454.63139
1230.70000,77.39643,454.78470
1230.80000,77.43968,454.93804
1230.90000,77.48294,455.09127
1231.00000,77.52622,455.24448
1231.10000,77.56950,455.39774
1231.20000,77.61280,455.55098
1231.30000,77.65611,455.70421
1231.40000,77.69943,455.85744
1231.50000,77.74277,456.01058
1231.60000,77.78612,456.16382
1231.70000,77.82948,456.31696
1231.80000,77.87285,456.47011
1231.90000,77.91624,456.62322
1232.00000,77.95963,456.77632
1232.10000,78.00304,456.92948
1232.20000,78.04647,457.08267
1232.30000,78.08990,457.23586
1232.40000,78.13335,457.38905
1232.50000,78.17681,457.54227
1232.60000,78.22028,457.69549
1232.70000,78.26376,457.84874
1232.80000,78.30726,458.00184
1232.90000,78.35077,458.15504
1233.00000,78.39429,458.30814
1233.10000,78.43783,458.46130
1233.20000,78.48137,458.61452
1233.30000,78.52493,458.76767
1233.40000,78.56851,458.92080
1233.50000,78.61209,459.07389
1233.60000,78.65569,459.22699
1233.70000,78.69930,459.38012
1233.80000,78.74292,459.53314
1233.90000,78.78655,459.68616
1234.00000,78.83020,459.83922
1234.10000,78.87385,459.99233
1234.20000,78.91753,460.14543
1234.30000,78.96121,460.29856
1234.40000,79.00490,460.45166
1234.50000,79.04861,460.60477
1234.60000,79.09233,460.75793
1234.70000,79.13607,460.91106
1234.80000,79.17981,461.06413
1234.90000,79.22357,461.21711
1235.00000,79.26734,461.37018
1235.10000,79.31112,461.52311
1235.20000,79.35492,461.67609
1235.30000,79.39872,461.82907
1235.40000,79.44254,461.98211
1235.50000,79.48638,462.13512
1235.60000,79.53022,462.28816
1235.70000,79.57408,462.44118
1235.80000,79.61795,462.59425
1235.90000,79.66183,462.74730
1236.00000,79.70572,462.90032
1236.10000,79.74963,463.05325
1236.20000,79.79355,463.20628
1236.30000,79.83748,463.35936
1236.40000,79.88142,463.51240
1236.50000,79.92538,463.66536
1236.60000,79.96935,463.81825
1236.70000,80.01333,463.97127
1236.80000,80.05732,464.12423
1236.90000,80.10132,464.27722
1237.00000,80.14534,464.43015
1237.10000,80.18937,464.58308
1237.20000,80.23341,464.73609
1237.30000,80.27747,464.88910
1237.40000,80.32154,465.04199
1237.50000,80.36562,465.19496
1237.60000,80.40971,465.34786
1237.70000,80.45381,465.50091
1237.80000,80.49793,465.65387
1237.90000,80.54206,465.80679
1238.00000,80.58620,465.95973
1238.10000,80.63035,466.11260
1238.20000,80.67452,466.26543
1238.30000,80.71870,466.41829
1238.40000,80.76289,466.57106
1238.50000,80.80709,466.72396
1238.60000,80.85131,466.87676
1238.70000,80.89553,467.02969
1238.80000,80.93977,467.18256
1238.90000,80.98403,467.33541
1239.00000,81.02829,467.48837
1239.10000,81.07257,467.64118
1239.20000,81.11686,467.79399
1239.30000,81.16116,467.94692
1239.40000,81.20547,468.09980
1239.50000,81.24980,468.25266
1239.60000,81.29414,468.40545
1239.70000,81.33849,468.55831
1239.80000,81.38285,468.71116
1239.90000,81.42723,468.86390
1240.00000,81.47162,469.01663
1240.10000,81.51602,469.16936
1240.20000,81.56043,469.32210
1240.30000,81.60485,469.47491
1240.40000,81.64929,469.62779
1240.50000,81.69374,469.78067
1240.60000,81.73820,469.93353
1240.70000,81.78268,470.08641
1240.80000,81.82716,470.23924
1240.90000,81.87166,470.39190
1241.00000,81.91617,470.54470
1241.10000,81.96070,470.69747
1241.20000,82.00523,470.85013
1241.30000,82.04978,471.00278
1241.40000,82.09434,471.15560
1241.50000,82.13892,471.30837
1241.60000,82.18350,471.46104
1241.70000,82.22810,471.61384
1241.80000,82.27271,471.76659
1241.90000,82.31733,471.91938
1242.00000,82.36196,472.07220
1242.10000,82.40661,472.22495
1242.20000,82.45127,472.37766
1242.30000,82.49594,472.53035
1242.40000,82.54062,472.68310
1242.50000,82.58532,472.83566
1242.60000,82.63003,472.98827
1242.70000,82.67475,473.14103
1242.80000,82.71948,473.29376
1242.90000,82.76423,473.44650
1243.00000,82.80898,473.59919
1243.10000,82.85375,473.75184
1243.20000,82.89853,473.90452
1243.30000,82.94333,474.05718
1243.40000,82.98813,474.20984
1243.50000,83.03295,474.36238
1243.60000,83.07778,474.51502
1243.70000,83.12263,474.66772
1243.80000,83.16748,474.82046
1243.90000,83.21235,474.97319
1244.00000,83.25723,475.12583
1244.10000,83.30212,475.27835
1244.20000,83.34703,475.43102
1244.30000,83.39194,475.58357
1244.40000,83.43687,475.73616
1244.50000,83.48181,475.88873
1244.60000,83.52677,476.04130
1244.70000,83.57173,476.19391
1244.80000,83.61671,476.34654
1244.90000,83.66170,476.49918
1245.00000,83.70670,476.65174
1245.10000,83.75172,476.80435
1245.20000,83.79675,476.95712
1245.30000,83.84179,477.10967
1245.40000,83.88684,477.26233
1245.50000,83.93190,477.41492
1245.60000,83.97698,477.56742
1245.70000,84.02207,477.71990
1245.80000,84.06717,477.87240
1245.90000,84.11228,478.02493
1246.00000,84.15740,478.17742
1246.10000,84.20254,478.32988
1246.20000,84.24769,478.48247
1246.30000,84.29285,478.63501
1246.40000,84.33803,478.78763
1246.50000,84.38321,478.94025
1246.60000,84.42841,479.09286
1246.70000,84.47362,479.24541
1246.80000,84.51885,479.39798
1246.90000,84.56408,479.55042
1247.00000,84.60933,479.70279
1247.10000,84.65459,479.85507
1247.20000,84.69986,480.00750
1247.30000,84.74514,480.15995
1247.40000,84.79044,480.31242
1247.50000,84.83575,480.46497
1247.60000,84.88107,480.61752
1247.70000,84.92640,480.77006
1247.80000,84.97175,480.92261
1247.90000,85.01710,481.07503
1248.00000,85.06247,481.22753
1248.10000,85.10786,481.37991
1248.20000,85.15325,481.53234
1248.30000,85.19866,481.68480
1248.40000,85.24408,481.83721
1248.50000,85.28951,481.98963
1248.60000,85.33495,482.14201
1248.70000,85.38040,482.29455
1248.80000,85.42587,482.44705
1248.90000,85.47135,482.59955
1249.00000,85.51684,482.75208
1249.10000,85.56235,482.90442
1249.20000,85.60786,483.05686
1249.30000,85.65339,483.20931
1249.40000,85.69893,483.36162
1249.50000,85.74449,483.51394
1249.60000,85.79005,483.66613
1249.70000,85.83563,483.81856
1249.80000,85.88122,483.97091
1249.90000,85.92682,484.12334
1250.00000,85.97243,484.27568
1250.10000,86.01806,484.42801
1250.20000,86.06370,484.58047
1250.30000,86.10935,484.73282
1250.40000,86.15501,484.88516
1250.50000,86.20068,485.03753
1250.60000,86.24637,485.18988
1250.70000,86.29207,485.34230
1250.80000,86.33778,485.49458
1250.90000,86.38350,485.64690
1251.00000,86.42924,485.79919
1251.10000,86.47499,485.95148
1251.20000,86.52075,486.10374
1251.30000,86.56652,486.25596
1251.40000,86.61230,486.40828
1251.50000,86.65810,486.56064
1251.60000,86.70391,486.71300
1251.70000,86.74973,486.86529
1251.80000,86.79556,487.01756
1251.90000,86.84141,487.16989
1252.00000,86.88727,487.32233
1252.10000,86.93313,487.47464
1252.20000,86.97902,487.62689
1252.30000,87.02491,487.77916
1252.40000,87.07082,487.93145
1252.50000,87.11673,488.08373
1252.60000,87.16266,488.23590
1252.70000,87.20861,488.38813
1252.80000,87.25456,488.54045
1252.90000,87.30053,488.69270
1253.00000,87.34651,488.84502
1253.10000,87.39250,488.99729
1253.20000,87.43850,489.14955
1253.30000,87.48452,489.30173
1253.40000,87.53054,489.45391
1253.50000,87.57658,489.60604
1253.60000,87.62264,489.75822
1253.70000,87.66870,489.91051
1253.80000,87.71478,490.06281
1253.90000,87.76086,490.21502
1254.00000,87.80696,490.36729
1254.10000,87.85308,490.51960
1254.20000,87.89920,490.67184
1254.30000,87.94534,490.82399
1254.40000,87.99149,490.97624
1254.50000,88.03765,491.12840
1254.60000,88.08382,491.28065
1254.70000,88.13001,491.43284
1254.80000,88.17620,491.58498
1254.90000,88.22241,491.73719
1255.00000,88.26863,491.88932
1255.10000,88.31487,492.04149
1255.20000,88.36111,492.19365
1255.30000,88.40737,492.34567
1255.40000,88.45364,492.49789
1255.50000,88.49992,492.65001
1255.60000,88.54622,492.80210
1255.70000,88.59253,492.95415
1255.80000,88.63884,493.10617
1255.90000,88.68517,493.25826
1256.00000,88.73152,493.41041
1256.10000,88.77787,493.56257
1256.20000,88.82424,493.71479
1256.30000,88.87062,493.86690
1256.40000,88.91701,494.01909
1256.50000,88.96341,494.17122
1256.60000,89.00983,494.32336
1256.70000,89.05626,494.47546
1256.80000,89.10270,494.62756
1256.90000,89.14915,494.77970
1257.00000,89.19561,494.93177
1257.10000,89.24209,495.08377
1257.20000,89.28858,495.23586
1257.30000,89.33508,495.38792
1257.40000,89.38159,495.53996
1257.50000,89.42811,495.69211
1257.60000,89.47465,495.84424
1257.70000,89.52120,495.99635
1257.80000,89.56776,496.14852
1257.90000,89.61433,496.30066
1258.00000,89.66092,496.45261
1258.10000,89.70751,496.60468
1258.20000,89.75412,496.75671
1258.30000,89.80074,496.90871
1258.40000,89.84738,497.06073
1258.50000,89.89402,497.21277
1258.60000,89.94068,497.36476
1258.70000,89.98735,497.51677
1258.80000,90.03403,497.66883
1258.90000,90.08072,497.82092
1259.00000,90.12743,497.97293
1259.10000,90.17415,498.12502
1259.20000,90.22088,498.27696
1259.30000,90.26762,498.42895
1259.40000,90.31437,498.58104
1259.50000,90.36114,498.73299
1259.60000,90.40792,498.88500
1259.70000,90.45471,499.03695
1259.80000,90.50151,499.18900
1259.90000,90.54832,499.34095
1260.00000,90.59515,499.49286
1260.10000,90.64199,499.64481
1260.20000,90.68884,499.79673
1260.30000,90.73570,499.94868
1260.40000,90.78258,500.10063
1260.50000,90.82946,500.25250
1260.60000,90.87636,500.40443
1260.70000,90.92327,500.55646
1260.80000,90.97019,500.70850
1260.90000,91.01713,500.86034
1261.00000,91.06408,501.01231
1261.10000,91.11104,501.16429
1261.20000,91.15801,501.31627
1261.30000,91.20499,501.46826
1261.40000,91.25198,501.62017
1261.50000,91.29899,501.77211
1261.60000,91.34601,501.92402
1261.70000,91.39304,502.07602
1261.80000,91.44008,502.22790
1261.90000,91.48714,502.37977
1262.00000,91.53421,502.53182
1262.10000,91.58129,502.68375
1262.20000,91.62838,502.83568
1262.30000,91.67548,502.98767
1262.40000,91.72260,503.13952
1262.50000,91.76972,503.29132
1262.60000,91.81686,503.44314
1262.70000,91.86402,503.59497
1262.80000,91.91118,503.74674
1262.90000,91.95836,503.89856
1263.00000,92.00554,504.05053
1263.10000,92.05274,504.20233
1263.20000,92.09995,504.35419
1263.30000,92.14718,504.50615
1263.40000,92.19441,504.65803
1263.50000,92.24166,504.80985
1263.60000,92.28892,504.96174
1263.70000,92.33619,505.11365
1263.80000,92.38348,505.26544
1263.90000,92.43077,505.41722
1264.00000,92.47808,505.56915
1264.10000,92.52540,505.72093
1264.20000,92.57273,505.87272
1264.30000,92.62008,506.02447
1264.40000,92.66743,506.17625
1264.50000,92.71480,506.32802
1264.60000,92.76218,506.47985
1264.70000,92.80957,506.63170
1264.80000,92.85698,506.78346
1264.90000,92.90439,506.93528
1265.00000,92.95182,507.08714
1265.10000,92.99926,507.23896
1265.20000,93.04671,507.39071
1265.30000,93.09418,507.54248
1265.40000,93.14165,507.69435
1265.50000,93.18914,507.84613
1265.60000,93.23664,507.99791
1265.70000,93.28415,508.14967
1265.80000,93.33167,508.30141
1265.90000,93.37921,508.45315
1266.00000,93.42676,508.60490
1266.10000,93.47432,508.75675
1266.20000,93.52189,508.90860
1266.30000,93.56947,509.06040
1266.40000,93.61707,509.21222
1266.50000,93.66468,509.36394
1266.60000,93.71230,509.51567
1266.70000,93.75993,509.66738
1266.80000,93.80757,509.81914
1266.90000,93.85523,509.97087
1267.00000,93.90290,510.12260
1267.10000,93.95058,510.27444
1267.20000,93.99827,510.42614
1267.30000,94.04597,510.57788
1267.40000,94.09369,510.72962
1267.50000,94.14141,510.88132
1267.60000,94.18915,511.03298
1267.70000,94.23690,511.18462
1267.80000,94.28467,511.33644
1267.90000,94.33244,511.48815
1268.00000,94.38023,511.63979
1268.10000,94.42803,511.79144
1268.20000,94.47584,511.94312
1268.30000,94.52367,512.09486
1268.40000,94.57150,512.24654
1268.50000,94.61935,512.39828
1268.60000,94.66721,512.54996
1268.70000,94.71508,512.70168
1268.80000,94.76296,512.85347
1268.90000,94.81086,513.00506
1269.00000,94.85876,513.15673
1269.10000,94.90668,513.30840
1269.20000,94.95461,513.46008
1269.30000,95.00256,513.61171
1269.40000,95.05051,513.76338
1269.50000,95.09848,513.91504
1269.60000,95.14646,514.06667
1269.70000,95.19445,514.21831
1269.80000,95.24245,514.36994
1269.90000,95.29046,514.52154
1270.00000,95.33849,514.67325
1270.10000,95.38653,514.82485
1270.20000,95.43458,514.97652
1270.30000,95.48264,515.12818
1270.40000,95.53072,515.27985
1270.50000,95.57880,515.43151
1270.60000,95.62690,515.58312
1270.70000,95.67501,515.73481
1270.80000,95.72313,515.88644
1270.90000,95.77127,516.03801
1271.00000,95.81941,516.18964
1271.10000,95.86757,516.34119
1271.20000,95.91574,516.49280
1271.30000,95.96392,516.64436
1271.40000,96.01211,516.79604
1271.50000,96.06032,516.94764
1271.60000,96.10854,517.09921
1271.70000,96.15677,517.25087
1271.80000,96.20501,517.40240
1271.90000,96.25326,517.55392
1272.00000,96.30152,517.70553
1272.10000,96.34980,517.85707
1272.20000,96.39809,518.00860
1272.30000,96.44639,518.16024
1272.40000,96.49470,518.31194
1272.50000,96.54303,518.46358
1272.60000,96.59137,518.61511
1272.70000,96.63971,518.76669
1272.80000,96.68807,518.91825
1272.90000,96.73645,519.06983
1273.00000,96.78483,519.22143
1273.10000,96.83323,519.37292
1273.20000,96.88163,519.52447
1273.30000,96.93005,519.67604
1273.40000,96.97849,519.82752
1273.50000,97.02693,519.97902
1273.60000,97.07539,520.13046
1273.70000,97.12385,520.28200
1273.80000,97.17233,520.43355
1273.90000,97.22082,520.58514
1274.00000,97.26933,520.73670
1274.10000,97.31784,520.88818
1274.20000,97.36637,521.03980
1274.30000,97.41491,521.19134
1274.40000,97.46346,521.34285
1274.50000,97.51202,521.49437
1274.60000,97.56059,521.64586
1274.70000,97.60918,521.79732
1274.80000,97.65778,521.94879
1274.90000,97.70639,522.10024
1275.00000,97.75501,522.25165
1275.10000,97.80365,522.40304
1275.20000,97.85229,522.55461
1275.30000,97.90095,522.70611
1275.40000,97.94962,522.85767
1275.50000,97.99830,523.00921
1275.60000,98.04699,523.16064
1275.70000,98.09570,523.31222
1275.80000,98.14442,523.46367
1275.90000,98.19314,523.61513
1276.00000,98.24189,523.76653
1276.10000,98.29064,523.91794
1276.20000,98.33940,524.06937
1276.30000,98.38818,524.22076
1276.40000,98.43697,524.37232
1276.50000,98.48577,524.52386
1276.60000,98.53458,524.67533
1276.70000,98.58340,524.82685
1276.80000,98.63224,524.97831
1276.90000,98.68109,525.12978
1277.00000,98.72995,525.28121
1277.10000,98.77882,525.43270
1277.20000,98.82770,525.58411
1277.30000,98.87660,525.73553
1277.40000,98.92550,525.88700
1277.50000,98.97442,526.03844
1277.60000,99.02335,526.18978
1277.70000,99.07229,526.34119
1277.80000,99.12125,526.49259
1277.90000,99.17021,526.64392
1278.00000,99.21919,526.79541
1278.10000,99.26818,526.94692
1278.20000,99.31718,527.09836
1278.30000,99.36620,527.24981
1278.40000,99.41522,527.40122
1278.50000,99.46426,527.55266
1278.60000,99.51331,527.70409
1278.70000,99.56237,527.85557
1278.80000,99.61144,528.00688
1278.90000,99.66053,528.15824
1279.00000,99.70962,528.30974
1279.10000,99.75873,528.46105
1279.20000,99.80785,528.61239
1279.30000,99.85698,528.76376
1279.40000,99.90613,528.91505
1279.50000,99.95528,529.06646
1279.60000,100.00445,529.21787
1279.70000,100.05363,529.36924
1279.80000,100.10282,529.52060
1279.90000,100.15202,529.67207
1280.00000,100.20124,529.82356
1280.10000,100.25047,529.97486
1280.20000,100.29970,530.12627
1280.30000,100.34895,530.27761
1280.40000,100.39822,530.42895
1280.50000,100.44749,530.58034
1280.60000,100.49678,530.73165
1280.70000,100.54607,530.88294
1280.80000,100.59538,531.03434
1280.90000,100.64470,531.18577
1281.00000,100.69404,531.33706
1281.10000,100.74338,531.48840
1281.20000,100.79274,531.63975
1281.30000,100.84211,531.79112
1281.40000,100.89149,531.94253
1281.50000,100.94088,532.09393
1281.60000,100.99028,532.24522
1281.70000,101.03970,532.39657
1281.80000,101.08913,532.54791
1281.90000,101.13857,532.69920
1282.00000,101.18802,532.85037
1282.10000,101.23748,533.00170
1282.20000,101.28695,533.15306
1282.30000,101.33644,533.30440
1282.40000,101.38594,533.45576
1282.50000,101.43545,533.60706
1282.60000,101.48497,533.75826
1282.70000,101.53450,533.90944
1282.80000,101.58405,534.06058
1282.90000,101.63361,534.21184
1283.00000,101.68318,534.36310
1283.10000,101.73276,534.51452
1283.20000,101.78235,534.66594
1283.30000,101.83195,534.81733
1283.40000,101.88157,534.96879
1283.50000,101.93120,535.12014
1283.60000,101.98084,535.27142
1283.70000,102.03049,535.42260
1283.80000,102.08015,535.57387
1283.90000,102.12983,535.72529
1284.00000,102.17952,535.87661
1284.10000,102.22921,536.02793
1284.20000,102.27892,536.17913
1284.30000,102.32865,536.33030
1284.40000,102.37838,536.48162
1284.50000,102.42813,536.63282
1284.60000,102.47788,536.78408
1284.70000,102.52765,536.93531
1284.80000,102.57743,537.08661
1284.90000,102.62723,537.23798
1285.00000,102.67703,537.38932
1285.10000,102.72685,537.54059
1285.20000,102.77668,537.69183
1285.30000,102.82652,537.84300
1285.40000,102.87637,537.99427
1285.50000,102.92623,538.14538
1285.60000,102.97611,538.29656
1285.70000,103.02600,538.44781
1285.80000,103.07589,538.59898
1285.90000,103.12580,538.75025
1286.00000,103.17573,538.90155
1286.10000,103.22566,539.05276
1286.20000,103.27561,539.20412
1286.30000,103.32556,539.35531
1286.40000,103.37553,539.50658
1286.50000,103.42552,539.65783
1286.60000,103.47551,539.80910
1286.70000,103.52551,539.96037
1286.80000,103.57553,540.11161
1286.90000,103.62556,540.26284
1287.00000,103.67560,540.41401
1287.10000,103.72565,540.56512
1287.20000,103.77571,540.71642
1287.30000,103.82579,540.86765
1287.40000,103.87587,541.01887
1287.50000,103.92597,541.17012
1287.60000,103.97608,541.32131
1287.70000,104.02621,541.47249
1287.80000,104.07634,541.62374
1287.90000,104.12649,541.77483
1288.00000,104.17664,541.92592
1288.10000,104.22681,542.07713
1288.20000,104.27699,542.22841
1288.30000,104.32719,542.37964
1288.40000,104.37739,542.53078
1288.50000,104.42761,542.68208
1288.60000,104.47783,542.83324
1288.70000,104.52807,542.98448
1288.80000,104.57832,543.13560
1288.90000,104.62859,543.28674
1289.00000,104.67886,543.43786
1289.10000,104.72915,543.58907
1289.20000,104.77945,543.74023
1289.30000,104.82976,543.89141
1289.40000,104.88008,544.04257
1289.50000,104.93041,544.19384
1289.60000,104.98076,544.34498
1289.70000,105.03111,544.49624
1289.80000,105.08148,544.64749
1289.90000,105.13186,544.79868
1290.00000,105.18225,544.94975
1290.10000,105.23266,545.10088
1290.20000,105.28307,545.25196
1290.30000,105.33350,545.40315
1290.40000,105.38394,545.55424
1290.50000,105.43439,545.70541
1290.60000,105.48485,545.85662
1290.70000,105.53533,546.00789
1290.80000,105.58581,546.15916
1290.90000,105.63631,546.31032
1291.00000,105.68682,546.46143
1291.10000,105.73734,546.61251
1291.20000,105.78787,546.76354
1291.30000,105.83842,546.91467
1291.40000,105.88897,547.06572
1291.50000,105.93954,547.21682
1291.60000,105.99012,547.36786
1291.70000,106.04071,547.51908
1291.80000,106.09131,547.67026
1291.90000,106.14193,547.82149
1292.00000,106.19255,547.97262
1292.10000,106.24319,548.12377
1292.20000,106.29384,548.27490
1292.30000,106.34450,548.42609
1292.40000,106.39517,548.57720
1292.50000,106.44586,548.72826
1292.60000,106.49655,548.87932
1292.70000,106.54726,549.03059
1292.80000,106.59798,549.18167
1292.90000,106.64871,549.33277
1293.00000,106.69946,549.48386
1293.10000,106.75021,549.63502
1293.20000,106.80098,549.78608
1293.30000,106.85176,549.93727
1293.40000,106.90255,550.08827
1293.50000,106.95335,550.23937
1293.60000,107.00416,550.39046
1293.70000,107.05499,550.54156
1293.80000,107.10582,550.69264
1293.90000,107.15667,550.84372
1294.00000,107.20753,550.99488
1294.10000,107.25840,551.14599
1294.20000,107.30928,551.29708
1294.30000,107.36018,551.44830
1294.40000,107.41109,551.59936
1294.50000,107.46200,551.75042
1294.60000,107.51293,551.90152
1294.70000,107.56388,552.05245
1294.80000,107.61483,552.20359
1294.90000,107.66579,552.35469
1295.00000,107.71677,552.50578
1295.10000,107.76776,552.65684
1295.20000,107.81876,552.80796
1295.30000,107.86977,552.95918
1295.40000,107.92079,553.11032
1295.50000,107.97183,553.26136
1295.60000,108.02288,553.41236
1295.70000,108.07393,553.56325
1295.80000,108.12500,553.71437
1295.90000,108.17609,553.86541
1296.00000,108.22718,554.01642
1296.10000,108.27828,554.16754
1296.20000,108.32940,554.31865
1296.30000,108.38053,554.46983
1296.40000,108.43167,554.62094
1296.50000,108.48282,554.77202
1296.60000,108.53398,554.92304
1296.70000,108.58516,555.07409
1296.80000,108.63634,555.22516
1296.90000,108.68754,555.37616
1297.00000,108.73875,555.52714
1297.10000,108.78997,555.67815
1297.20000,108.84121,555.82914
1297.30000,108.89245,555.98017
1297.40000,108.94371,556.13119
1297.50000,108.99498,556.28230
1297.60000,109.04625,556.43341
1297.70000,109.09755,556.58450
1297.80000,109.14885,556.73566
1297.90000,109.20016,556.88677
1298.00000,109.25149,557.03779
1298.10000,109.30283,557.18880
1298.20000,109.35418,557.33982
1298.30000,109.40554,557.49084
1298.40000,109.45691,557.64186
1298.50000,109.50829,557.79293
1298.60000,109.55969,557.94403
1298.70000,109.61110,558.09506
1298.80000,109.66252,558.24618
1298.90000,109.71395,558.39720
1299.00000,109.76539,558.54809
1299.10000,109.81685,558.69911
1299.20000,109.86831,558.85007
1299.30000,109.91979,559.00114
1299.40000,109.97128,559.15220
1299.50000,110.02278,559.30329
1299.60000,110.07429,559.45431
1299.70000,110.12581,559.60538
1299.80000,110.17735,559.75651
1299.90000,110.22890,559.90740
1300.00000,110.28046,560.05836
1300.10000,110.33203,560.20933
1300.20000,110.38361,560.36041
1300.30000,110.43520,560.51146
1300.40000,110.48681,560.66245
1300.50000,110.53842,560.81353
1300.60000,110.59005,560.96453
1300.70000,110.64169,561.11559
1300.80000,110.69334,561.26668
1300.90000,110.74501,561.41759
1301.00000,110.79668,561.56858
1301.10000,110.84837,561.71954
1301.20000,110.90007,561.87061
1301.30000,110.95178,562.02155
1301.40000,111.00350,562.17253
1301.50000,111.05523,562.32355
1301.60000,111.10697,562.47451
1301.70000,111.15873,562.62540
1301.80000,111.21050,562.77644
1301.90000,111.26228,562.92747
1302.00000,111.31407,563.07851
1302.10000,111.36587,563.22954
1302.20000,111.41768,563.38054
1302.30000,111.46951,563.53158
1302.40000,111.52135,563.68264
1302.50000,111.57320,563.83363
1302.60000,111.62506,563.98459
1302.70000,111.67693,564.13544
1302.80000,111.72881,564.28636
1302.90000,111.78071,564.43739
1303.00000,111.83261,564.58834
1303.10000,111.88453,564.73930
1303.20000,111.93646,564.89035
1303.30000,111.98840,565.04137
1303.40000,112.04036,565.19249
1303.50000,112.09232,565.34357
1303.60000,112.14430,565.49457
1303.70000,112.19629,565.64551
1303.80000,112.24829,565.79643
1303.90000,112.30030,565.94740
1304.00000,112.35232,566.09831
1304.10000,112.40435,566.24923
1304.20000,112.45640,566.40012
1304.30000,112.50846,566.55104
1304.40000,112.56053,566.70213
1304.50000,112.61261,566.85311
1304.60000,112.66470,567.00409
1304.70000,112.71680,567.15515
1304.80000,112.76892,567.30622
1304.90000,112.82104,567.45723
1305.00000,112.87318,567.60826
1305.10000,112.92533,567.75914
1305.20000,112.97749,567.91001
1305.30000,113.02967,568.06094
1305.40000,113.08185,568.21191
1305.50000,113.13405,568.36278
1305.60000,113.18625,568.51373
1305.70000,113.23847,568.66471
1305.80000,113.29071,568.81571
1305.90000,113.34295,568.96669
1306.00000,113.39520,569.11766
1306.10000,113.44747,569.26852
1306.20000,113.49974,569.41958
1306.30000,113.55203,569.57048
1306.40000,113.60433,569.72151
1306.50000,113.65664,569.87251
1306.60000,113.70897,570.02353
1306.70000,113.76130,570.17449
1306.80000,113.81365,570.32545
1306.90000,113.86601,570.47641
1307.00000,113.91838,570.62727
1307.10000,113.97076,570.77824
1307.20000,114.02315,570.92915
1307.30000,114.07556,571.07994
1307.40000,114.12797,571.23096
1307.50000,114.18040,571.38193
1307.60000,114.23284,571.53288
1307.70000,114.28529,571.68384
1307.80000,114.33775,571.83479
1307.90000,114.39022,571.98579
1308.00000,114.44271,572.13679
1308.10000,114.49520,572.28779
1308.20000,114.54771,572.43866
1308.30000,114.60023,572.58962
1308.40000,114.65276,572.74072
1308.50000,114.70531,572.89169
1308.60000,114.75786,573.04256
1308.70000,114.81043,573.19353
1308.80000,114.86300,573.34438
1308.90000,114.91559,573.49530
1309.00000,114.96819,573.64617
1309.10000,115.02080,573.79697
1309.20000,115.07343,573.94792
1309.30000,115.12606,574.09886
1309.40000,115.17871,574.24988
1309.50000,115.23137,574.40084
1309.60000,115.28404,574.55174
1309.70000,115.33672,574.70273
1309.80000,115.38941,574.85350
1309.90000,115.44211,575.00446
1310.00000,115.49483,575.15530
1310.10000,115.54756,575.30621
1310.20000,115.60030,575.45729
1310.30000,115.65305,575.60829
1310.40000,115.70581,575.75919
1310.50000,115.75858,575.91012
1310.60000,115.81137,576.06104
1310.70000,115.86416,576.21206
1310.80000,115.91697,576.36288
1310.90000,115.96979,576.51386
1311.00000,116.02262,576.66475
1311.10000,116.07546,576.81574
1311.20000,116.12832,576.96673
1311.30000,116.18118,577.11768
1311.40000,116.23406,577.26852
1311.50000,116.28695,577.41946
1311.60000,116.33985,577.57035
1311.70000,116.39276,577.72130
1311.80000,116.44568,577.87219
1311.90000,116.49862,578.02312
1312.00000,116.55156,578.17415
1312.10000,116.60452,578.32512
1312.20000,116.65749,578.47612
1312.30000,116.71047,578.62718
1312.40000,116.76346,578.77797
1312.50000,116.81646,578.92894
1312.60000,116.86948,579.07976
1312.70000,116.92250,579.23062
1312.80000,116.97554,579.38147
1312.90000,117.02859,579.53243
1313.00000,117.08165,579.68332
1313.10000,117.13473,579.83421
1313.20000,117.18781,579.98523
1313.30000,117.24090,580.13616
1313.40000,117.29401,580.28694
1313.50000,117.34713,580.43800
1313.60000,117.40026,580.58885
1313.70000,117.45340,580.73981
1313.80000,117.50655,580.89073
1313.90000,117.55972,581.04180
1314.00000,117.61289,581.19264
1314.10000,117.66608,581.34359
1314.20000,117.71928,581.49451
1314.30000,117.77249,581.64535
1314.40000,117.82571,581.79627
1314.50000,117.87894,581.94718
1314.60000,117.93219,582.09799
1314.70000,117.98545,582.24894
1314.80000,118.03871,582.39985
1314.90000,118.09199,582.55083
1315.00000,118.14528,582.70176
1315.10000,118.19859,582.85268
1315.20000,118.25190,583.00358
1315.30000,118.30522,583.15448
1315.40000,118.35856,583.30539
1315.50000,118.41191,583.45625
1315.60000,118.46527,583.60711
1315.70000,118.51864,583.75800
1315.80000,118.57202,583.90892
1315.90000,118.62541,584.05982
1316.00000,118.67882,584.21068
1316.10000,118.73224,584.36155
1316.20000,118.78567,584.51253
1316.30000,118.83910,584.66346
1316.40000,118.89256,584.81443
1316.50000,118.94602,584.96547
1316.60000,118.99949,585.11634
1316.70000,119.05298,585.26730
1316.80000,119.10648,585.41829
1316.90000,119.15998,585.56910
1317.00000,119.21350,585.71993
1317.10000,119.26704,585.87079
1317.20000,119.32058,586.02167
1317.30000,119.37413,586.17244
1317.40000,119.42770,586.32339
1317.50000,119.48128,586.47434
1317.60000,119.53486,586.62514
1317.70000,119.58846,586.77611
1317.80000,119.64208,586.92713
1317.90000,119.69570,587.07813
1318.00000,119.74933,587.22911
1318.10000,119.80298,587.37999
1318.20000,119.85664,587.53093
1318.30000,119.91031,587.68179
1318.40000,119.96399,587.83272
1318.50000,120.01768,587.98363
1318.60000,120.07138,588.13449
1318.70000,120.12510,588.28544
1318.80000,120.17882,588.43629
1318.90000,120.23256,588.58722
1319.00000,120.28631,588.73802
1319.10000,120.34007,588.88887
1319.20000,120.39384,589.03971
1319.30000,120.44762,589.19060
1319.40000,120.50142,589.34141
1319.50000,120.55522,589.49235
1319.60000,120.60904,589.64331
1319.70000,120.66287,589.79425
1319.80000,120.71671,589.94506
1319.90000,120.77056,590.09600
1320.00000,120.82443,590.24684
1320.10000,120.87830,590.39779
1320.20000,120.93219,590.54875
1320.30000,120.98609,590.69982
1320.40000,121.03999,590.85074
1320.50000,121.09392,591.00185
1320.60000,121.14785,591.15280
1320.70000,121.20179,591.30369
1320.80000,121.25575,591.45449
1320.90000,121.30971,591.60534
1321.00000,121.36369,591.75609
1321.10000,121.41768,591.90695
1321.20000,121.47168,592.05787
1321.30000,121.52569,592.20880
1321.40000,121.57971,592.35972
1321.50000,121.63375,592.51073
1321.60000,121.68779,592.66158
1321.70000,121.74185,592.81254
1321.80000,121.79592,592.96344
1321.90000,121.85000,593.11439
1322.00000,121.90409,593.26523
1322.10000,121.95820,593.41604
1322.20000,122.01231,593.56690
1322.30000,122.06644,593.71784
1322.40000,122.12057,593.86873
1322.50000,122.17472,594.01973
1322.60000,122.22888,594.17066
1322.70000,122.28306,594.32165
1322.80000,122.33724,594.47257
1322.90000,122.39143,594.62355
1323.00000,122.44564,594.77439
1323.10000,122.49986,594.92516
1323.20000,122.55409,595.07601
1323.30000,122.60833,595.22693
1323.40000,122.66258,595.37780
1323.50000,122.71684,595.52883
1323.60000,122.77111,595.67975
1323.70000,122.82540,595.83068
1323.80000,122.87970,595.98167
1323.90000,122.93401,596.13267
1324.00000,122.98833,596.28361
1324.10000,123.04266,596.43449
1324.20000,123.09700,596.58545
1324.30000,123.15135,596.73641
1324.40000,123.20572,596.88725
1324.50000,123.26010,597.03813
1324.60000,123.31448,597.18895
1324.70000,123.36888,597.33975
1324.80000,123.42330,597.49066
1324.90000,123.47772,597.64153
1325.00000,123.53215,597.79239
1325.10000,123.58660,597.94328
1325.20000,123.64105,598.09423
1325.30000,123.69552,598.24518
1325.40000,123.75000,598.39621
1325.50000,123.80449,598.54722
1325.60000,123.85899,598.69814
1325.70000,123.91351,598.84903
1325.80000,123.96803,599.00006
1325.90000,124.02257,599.15096
1326.00000,124.07712,599.30171
1326.10000,124.13168,599.45249
1326.20000,124.18625,599.60335
1326.30000,124.24083,599.75429
1326.40000,124.29542,599.90531
1326.50000,124.35003,600.05618
1326.60000,124.40464,600.20712
1326.70000,124.45927,600.35800
1326.80000,124.51391,600.50906
1326.90000,124.56856,600.66002
1327.00000,124.62322,600.81082
1327.10000,124.67789,600.96176
1327.20000,124.73258,601.11275
1327.30000,124.78727,601.26370
1327.40000,124.84198,601.41462
1327.50000,124.89670,601.56551
1327.60000,124.95143,601.71648
1327.70000,125.00617,601.86742
1327.80000,125.06092,602.01840
1327.90000,125.11569,602.16936
1328.00000,125.17046,602.32022
1328.10000,125.22525,602.47116
1328.20000,125.28005,602.62202
1328.30000,125.33486,602.77294
1328.40000,125.38968,602.92389
1328.50000,125.44451,603.07470
1328.60000,125.49935,603.22559
1328.70000,125.55421,603.37658
1328.80000,125.60907,603.52746
1328.90000,125.66395,603.67850
1329.00000,125.71884,603.82937
1329.10000,125.77374,603.98034
1329.20000,125.82865,604.13124
1329.30000,125.88357,604.28216
1329.40000,125.93851,604.43307
1329.50000,125.99345,604.58390
1329.60000,126.04841,604.73471
1329.70000,126.10338,604.88578
1329.80000,126.15836,605.03669
1329.90000,126.21335,605.18769
1330.00000,126.26835,605.33861
1330.10000,126.32336,605.48959
1330.20000,126.37839,605.64055
1330.30000,126.43343,605.79142
1330.40000,126.48847,605.94234
1330.50000,126.54353,606.09325
1330.60000,126.59860,606.24412
1330.70000,126.65369,606.39518
1330.80000,126.70878,606.54600
1330.90000,126.76388,606.69692
1331.00000,126.81900,606.84783
1331.10000,126.87413,606.99873
1331.20000,126.92926,607.14977
1331.30000,126.98441,607.30066
1331.40000,127.03958,607.45164
1331.50000,127.09475,607.60263
1331.60000,127.14993,607.75366
1331.70000,127.20513,607.90458
1331.80000,127.26033,608.05538
1331.90000,127.31555,608.20638
1332.00000,127.37078,608.35729
1332.10000,127.42602,608.50812
1332.20000,127.48127,608.65916
1332.30000,127.53654,608.81012
1332.40000,127.59181,608.96115
1332.50000,127.64710,609.11210
1332.60000,127.70239,609.26311
1332.70000,127.75770,609.41402
1332.80000,127.81302,609.56488
1332.90000,127.86835,609.71589
1333.00000,127.92370,609.86683
1333.10000,127.97905,610.01770
1333.20000,128.03441,610.16871
1333.30000,128.08979,610.31973
1333.40000,128.14518,610.47063
1333.50000,128.20058,610.62150
1333.60000,128.25599,610.77249
1333.70000,128.31141,610.92342
1333.80000,128.36684,611.07437
1333.90000,128.42229,611.22538
1334.00000,128.47774,611.37637
1334.10000,128.53321,611.52730
1334.20000,128.58869,611.67817
1334.30000,128.64418,611.82911
1334.40000,128.69968,611.97992
1334.50000,128.75519,612.13082
1334.60000,128.81071,612.28179
1334.70000,128.86625,612.43279
1334.80000,128.92179,612.58389
1334.90000,128.97735,612.73497
1335.00000,129.03292,612.88596
1335.10000,129.08850,613.03694
1335.20000,129.14409,613.18785
1335.30000,129.19970,613.33876
1335.40000,129.25531,613.48976
1335.50000,129.31093,613.64069
1335.60000,129.36657,613.79165
1335.70000,129.42222,613.94269
1335.80000,129.47788,614.09375
1335.90000,129.53355,614.24481
1336.00000,129.58923,614.39572
1336.10000,129.64492,614.54664
1336.20000,129.70063,614.69746
1336.30000,129.75634,614.84837
1336.40000,129.81207,614.99932
1336.50000,129.86781,615.15029
1336.60000,129.92356,615.30127
1336.70000,129.97932,615.45226
1336.80000,130.03509,615.60332
1336.90000,130.09088,615.75445
1337.00000,130.14667,615.90548
1337.10000,130.20248,616.05638
1337.20000,130.25829,616.20727
1337.30000,130.31412,616.35825
1337.40000,130.36996,616.50922
1337.50000,130.42581,616.66037
1337.60000,130.48168,616.81130
1337.70000,130.53755,616.96220
1337.80000,130.59344,617.11321
1337.90000,130.64933,617.26424
1338.00000,130.70524,617.41523
1338.10000,130.76116,617.56611
1338.20000,130.81709,617.71707
1338.30000,130.87303,617.86801
1338.40000,130.92898,618.01902
1338.50000,130.98495,618.17018
1338.60000,131.04092,618.32107
1338.70000,131.09691,618.47202
1338.80000,131.15291,618.62313
1338.90000,131.20892,618.77414
1339.00000,131.26494,618.92511
1339.10000,131.32097,619.07608
1339.20000,131.37701,619.22715
1339.30000,131.43307,619.37806
1339.40000,131.48913,619.52906
1339.50000,131.54521,619.68016
1339.60000,131.60130,619.83109
1339.70000,131.65740,619.98216
1339.80000,131.71351,620.13324
1339.90000,131.76963,620.28414
1340.00000,131.82576,620.43509
1340.10000,131.88191,620.58612
1340.20000,131.93806,620.73717
1340.30000,131.99423,620.88820
1340.40000,132.05041,621.03919
1340.50000,132.10660,621.19018
1340.60000,132.16280,621.34125
1340.70000,132.21901,621.49229
1340.80000,132.27523,621.64322
1340.90000,132.33147,621.79418
1341.00000,132.38771,621.94526
1341.10000,132.44397,622.09629
1341.20000,132.50024,622.24739
1341.30000,132.55652,622.39857
1341.40000,132.61281,622.54951
1341.50000,132.66911,622.70051
1341.60000,132.72543,622.85156
1341.70000,132.78175,623.00252
1341.80000,132.83809,623.15345
1341.90000,132.89443,623.30444
1342.00000,132.95079,623.45545
1342.10000,133.00716,623.60645
1342.20000,133.06354,623.75756
1342.30000,133.11994,623.90862
1342.40000,133.17634,624.05974
1342.50000,133.23275,624.21072
1342.60000,133.28918,624.36175
1342.70000,133.34562,624.51288
1342.80000,133.40206,624.66398
1342.90000,133.45852,624.81496
1343.00000,133.51500,624.96599
1343.10000,133.57148,625.11700
1343.20000,133.62797,625.26799
1343.30000,133.68448,625.41898
1343.40000,133.74099,625.57006
1343.50000,133.79752,625.72100
1343.60000,133.85406,625.87203
1343.70000,133.91061,626.02322
1343.80000,133.96717,626.17434
1343.90000,134.02374,626.32536
1344.00000,134.08032,626.47645
1344.10000,134.13692,626.62742
1344.20000,134.19352,626.77845
1344.30000,134.25014,626.92950
1344.40000,134.30677,627.08055
1344.50000,134.36341,627.23152
1344.60000,134.42006,627.38256
1344.70000,134.47672,627.53369
1344.80000,134.53340,627.68471
1344.90000,134.59008,627.83575
1345.00000,134.64678,627.98687
1345.10000,134.70348,628.13797
1345.20000,134.76020,628.28917
1345.30000,134.81693,628.44033
1345.40000,134.87367,628.59135
1345.50000,134.93042,628.74236
1345.60000,134.98719,628.89343
1345.70000,135.04396,629.04440
1345.80000,135.10075,629.19538
1345.90000,135.15754,629.34641
1346.00000,135.21435,629.49750
1346.10000,135.27117,629.64866
1346.20000,135.32800,629.79977
1346.30000,135.38484,629.95089
1346.40000,135.44170,630.10191
1346.50000,135.49856,630.25302
1346.60000,135.55544,630.40414
1346.70000,135.61232,630.55511
1346.80000,135.66922,630.70623
1346.90000,135.72613,630.85738
1347.00000,135.78305,631.00853
1347.10000,135.83998,631.15964
1347.20000,135.89692,631.31070
1347.30000,135.95388,631.46176
1347.40000,136.01084,631.61278
1347.50000,136.06782,631.76381
1347.60000,136.12481,631.91488
1347.70000,136.18180,632.06588
1347.80000,136.23881,632.21709
1347.90000,136.29584,632.36828
1348.00000,136.35287,632.51954
1348.10000,136.40991,632.67060
1348.20000,136.46697,632.82173
1348.30000,136.52403,632.97283
1348.40000,136.58111,633.12388
1348.50000,136.63820,633.27493
1348.60000,136.69530,633.42608
1348.70000,136.75241,633.57717
1348.80000,136.80953,633.72830
1348.90000,136.86666,633.87939
1349.00000,136.92381,634.03055
1349.10000,136.98096,634.18154
1349.20000,137.03813,634.33270
1349.30000,137.09531,634.48389
1349.40000,137.15250,634.63505
1349.50000,137.20970,634.78628
1349.60000,137.26691,634.93747
1349.70000,137.32413,635.08856
1349.80000,137.38137,635.23972
1349.90000,137.43861,635.39078
1350.00000,137.49587,635.54181
1350.10000,137.55314,635.69276
1350.20000,137.61042,635.84390
1350.30000,137.66771,635.99498
1350.40000,137.72501,636.14605
1350.50000,137.78232,636.29720
1350.60000,137.83964,636.44828
1350.70000,137.89698,636.59945
1350.80000,137.95432,636.75072
1350.90000,138.01168,636.90182
1351.00000,138.06905,637.05299
1351.10000,138.12643,637.20417
1351.20000,138.18382,637.35549
1351.30000,138.24122,637.50657
1351.40000,138.29863,637.65775
1351.50000,138.35606,637.80893
1351.60000,138.41349,637.96001
1351.70000,138.47094,638.11118
1351.80000,138.52840,638.26234
1351.90000,138.58587,638.41344
1352.00000,138.64335,638.56455
1352.10000,138.70084,638.71576
1352.20000,138.75834,638.86693
1352.30000,138.81586,639.01803
1352.40000,138.87338,639.16923
1352.50000,138.93092,639.32037
1352.60000,138.98846,639.47164
1352.70000,139.04602,639.62292
1352.80000,139.10359,639.77419
1352.90000,139.16117,639.92535
1353.00000,139.21876,640.07642
1353.10000,139.27637,640.22763
1353.20000,139.33398,640.37878
1353.30000,139.39161,640.52987
1353.40000,139.44924,640.68092
1353.50000,139.50689,640.83207
1353.60000,139.56455,640.98332
1353.70000,139.62222,641.13452
1353.80000,139.67990,641.28573
1353.90000,139.73759,641.43695
1354.00000,139.79530,641.58813
1354.10000,139.85301,641.73942
1354.20000,139.91074,641.89066
1354.30000,139.96848,642.04178
1354.40000,140.02622,642.19296
1354.50000,140.08398,642.34413
1354.60000,140.14175,642.49530
1354.70000,140.19954,642.64645
1354.80000,140.25733,642.79765
1354.90000,140.31513,642.94881
1355.00000,140.37295,643.09996
1355.10000,140.43078,643.25114
1355.20000,140.48861,643.40230
1355.30000,140.54646,643.55354
1355.40000,140.60432,643.70481
1355.50000,140.66219,643.85605
1355.60000,140.72008,644.00735
1355.70000,140.77797,644.15857
1355.80000,140.83587,644.30987
1355.90000,140.89379,644.46110
1356.00000,140.95172,644.61231
1356.10000,141.00965,644.76347
1356.20000,141.06760,644.91465
1356.30000,141.12556,645.06592
1356.40000,141.18353,645.21718
1356.50000,141.24152,645.36843
1356.60000,141.29951,645.51980
1356.70000,141.35752,645.67100
1356.80000,141.41553,645.82238
1356.90000,141.47356,645.97361
1357.00000,141.53160,646.12473
1357.10000,141.58965,646.27590
1357.20000,141.64771,646.42717
1357.30000,141.70578,646.57840
1357.40000,141.76386,646.72962
1357.50000,141.82196,646.88092
1357.60000,141.88006,647.03228
1357.70000,141.93818,647.18342
1357.80000,141.99631,647.33462
1357.90000,142.05444,647.48592
1358.00000,142.11259,647.63705
1358.10000,142.17076,647.78835
1358.20000,142.22893,647.93965
1358.30000,142.28711,648.09083
1358.40000,142.34530,648.24207
1358.50000,142.40351,648.39336
1358.60000,142.46173,648.54468
1358.70000,142.51995,648.69595
1358.80000,142.57819,648.84726
1358.90000,142.63644,648.99869
1359.00000,142.69470,649.14987
1359.10000,142.75298,649.30126
1359.20000,142.81126,649.45254
1359.30000,142.86955,649.60383
1359.40000,142.92786,649.75503
1359.50000,142.98618,649.90633
1359.60000,143.04451,650.05767
1359.70000,143.10284,650.20900
1359.80000,143.16119,650.36028
1359.90000,143.21956,650.51152
1360.00000,143.27793,650.66281
1360.10000,143.33631,650.81411
1360.20000,143.39471,650.96531
1360.30000,143.45311,651.11660
1360.40000,143.51153,651.26781
1360.50000,143.56996,651.41919
1360.60000,143.62840,651.57048
1360.70000,143.68685,651.72180
1360.80000,143.74531,651.87309
1360.90000,143.80378,652.02442
1361.00000,143.86226,652.17580
1361.10000,143.92076,652.32716
1361.20000,143.97926,652.47856
1361.30000,144.03778,652.62991
1361.40000,144.09631,652.78130
1361.50000,144.15485,652.93256
1361.60000,144.21340,653.08382
1361.70000,144.27196,653.23514
1361.80000,144.33053,653.38633
1361.90000,144.38912,653.53762
1362.00000,144.44771,653.68897
1362.10000,144.50632,653.84037
1362.20000,144.56493,653.99179
1362.30000,144.62356,654.14311
1362.40000,144.68220,654.29450
1362.50000,144.74085,654.44577
1362.60000,144.79951,654.59719
1362.70000,144.85819,654.74847
1362.80000,144.91687,654.89969
1362.90000,144.97556,655.05104
1363.00000,145.03427,655.20245
1363.10000,145.09299,655.35386
1363.20000,145.15172,655.50521
1363.30000,145.21045,655.65661
1363.40000,145.26921,655.80809
1363.50000,145.32797,655.95945
1363.60000,145.38674,656.11083
1363.70000,145.44552,656.26205
1363.80000,145.50432,656.41350
1363.90000,145.56312,656.56491
1364.00000,145.62194,656.71637
1364.10000,145.68077,656.86770
1364.20000,145.73961,657.01899
1364.30000,145.79846,657.17035
1364.40000,145.85732,657.32167
1364.50000,145.91619,657.47293
1364.60000,145.97507,657.62432
1364.70000,146.03397,657.77572
1364.80000,146.09287,657.92726
1364.90000,146.15179,658.07871
1365.00000,146.21072,658.23014
1365.10000,146.26966,658.38149
1365.20000,146.32861,658.53286
1365.30000,146.38757,658.68421
1365.40000,146.44654,658.83558
1365.50000,146.50552,658.98709
1365.60000,146.56452,659.13860
1365.70000,146.62352,659.28995
1365.80000,146.68254,659.44144
1365.90000,146.74157,659.59291
1366.00000,146.80061,659.74427
1366.10000,146.85966,659.89569
1366.20000,146.91872,660.04702
1366.30000,146.97779,660.19847
1366.40000,147.03687,660.34988
1366.50000,147.09597,660.50144
1366.60000,147.15507,660.65288
1366.70000,147.21419,660.80435
1366.80000,147.27332,660.95592
1366.90000,147.33245,661.10740
1367.00000,147.39160,661.25870
1367.10000,147.45077,661.41006
1367.20000,147.50994,661.56143
1367.30000,147.56912,661.71279
1367.40000,147.62831,661.86410
1367.50000,147.68752,662.01557
1367.60000,147.74673,662.16699
1367.70000,147.80596,662.31845
1367.80000,147.86520,662.46996
1367.90000,147.92445,662.62152
1368.00000,147.98371,662.77298
1368.10000,148.04298,662.92446
1368.20000,148.10226,663.07604
1368.30000,148.16156,663.22751
1368.40000,148.22086,663.37895
1368.50000,148.28018,663.53045
1368.60000,148.33950,663.68181
1368.70000,148.39884,663.83314
1368.80000,148.45819,663.98465
1368.90000,148.51755,664.13607
1369.00000,148.57692,664.28754
1369.10000,148.63630,664.43895
1369.20000,148.69570,664.59046
1369.30000,148.75510,664.74210
1369.40000,148.81452,664.89365
1369.50000,148.87394,665.04516
1369.60000,148.93338,665.19669
1369.70000,148.99283,665.34823
1369.80000,149.05229,665.49972
1369.90000,149.11176,665.65117
1370.00000,149.17124,665.80264
1370.10000,149.23073,665.95412
1370.20000,149.29024,666.10565
1370.30000,149.34975,666.25723
1370.40000,149.40928,666.40877
1370.50000,149.46881,666.56023
1370.60000,149.52836,666.71182
1370.70000,149.58792,666.86326
1370.80000,149.64749,667.01468
1370.90000,149.70707,667.16619
1371.00000,149.76666,667.31776
1371.10000,149.82627,667.46924
1371.20000,149.88588,667.62079
1371.30000,149.94551,667.77231
1371.40000,150.00514,667.92393
1371.50000,150.06479,668.07551
1371.60000,150.12445,668.22700
1371.70000,150.18412,668.37850
1371.80000,150.24380,668.53013
1371.90000,150.30349,668.68174
1372.00000,150.36319,668.83331
1372.10000,150.42291,668.98482
1372.20000,150.48263,669.13644
1372.30000,150.54237,669.28796
1372.40000,150.60211,669.43952
1372.50000,150.66187,669.59103
1372.60000,150.72164,669.74240
1372.70000,150.78142,669.89402
1372.80000,150.84121,670.04564
1372.90000,150.90101,670.19717
1373.00000,150.96083,670.34866
1373.10000,151.02065,670.50028
1373.20000,151.08049,670.65196
1373.30000,151.14033,670.80367
1373.40000,151.20019,670.95520
1373.50000,151.26006,671.10680
1373.60000,151.31994,671.25839
1373.70000,151.37983,671.41015
1373.80000,151.43973,671.56181
1373.90000,151.49964,671.71334
1374.00000,151.55957,671.86490
1374.10000,151.61950,672.01644
1374.20000,151.67945,672.16810
1374.30000,151.73940,672.31971
1374.40000,151.79937,672.47120
1374.50000,151.85935,672.62289
1374.60000,151.91934,672.77448
1374.70000,151.97934,672.92621
1374.80000,152.03935,673.07781
1374.90000,152.09937,673.22943
1375.00000,152.15941,673.38115
1375.10000,152.21945,673.53279
1375.20000,152.27951,673.68444
1375.30000,152.33957,673.83607
1375.40000,152.39965,673.98768
1375.50000,152.45974,674.13924
1375.60000,152.51984,674.29069
1375.70000,152.57995,674.44231
1375.80000,152.64007,674.59389
1375.90000,152.70021,674.74552
1376.00000,152.76035,674.89723
1376.10000,152.82051,675.04891
1376.20000,152.88067,675.20056
1376.30000,152.94085,675.35224
1376.40000,153.00104,675.50391
1376.50000,153.06124,675.65552
1376.60000,153.12145,675.80714
1376.70000,153.18167,675.95884
1376.80000,153.24190,676.11056
1376.90000,153.30214,676.26223
1377.00000,153.36240,676.41397
1377.10000,153.42266,676.56566
1377.20000,153.48294,676.71740
1377.30000,153.54323,676.86907
1377.40000,153.60352,677.02074
1377.50000,153.66383,677.17240
1377.60000,153.72415,677.32402
1377.70000,153.78448,677.47569
1377.80000,153.84483,677.62741
1377.90000,153.90518,677.77907
1378.00000,153.96554,677.93076
1378.10000,154.02592,678.08254
1378.20000,154.08631,678.23426
1378.30000,154.14670,678.38592
1378.40000,154.20711,678.53757
1378.50000,154.26753,678.68931
1378.60000,154.32796,678.84095
1378.70000,154.38840,678.99273
1378.80000,154.44886,679.14444
1378.90000,154.50932,679.29623
1379.00000,154.56979,679.44798
1379.10000,154.63028,679.59978
1379.20000,154.69078,679.75148
1379.30000,154.75128,679.90324
1379.40000,154.81180,680.05503
1379.50000,154.87233,680.20679
1379.60000,154.93287,680.35852
1379.70000,154.99342,680.51022
1379.80000,155.05398,680.66188
1379.90000,155.11456,680.81365
1380.00000,155.17514,680.96537
1380.10000,155.23574,681.11717
1380.20000,155.29634,681.26894
1380.30000,155.35696,681.42073
1380.40000,155.41759,681.57248
1380.50000,155.47823,681.72423
1380.60000,155.53888,681.87597
1380.70000,155.59954,682.02767
1380.80000,155.66021,682.17942
1380.90000,155.72090,682.33117
1381.00000,155.78159,682.48299
1381.10000,155.84230,682.63489
1381.20000,155.90301,682.78664
1381.30000,155.96374,682.93845
1381.40000,156.02448,683.09025
1381.50000,156.08523,683.24209
1381.60000,156.14599,683.39388
1381.70000,156.20676,683.54570
1381.80000,156.26754,683.69746
1381.90000,156.32833,683.84924
1382.00000,156.38914,684.00102
1382.10000,156.44995,684.15293
1382.20000,156.51078,684.30462
1382.30000,156.57162,684.45642
1382.40000,156.63247,684.60821
1382.50000,156.69332,684.76006
1382.60000,156.75419,684.91197
1382.70000,156.81508,685.06381
1382.80000,156.87597,685.21557
1382.90000,156.93687,685.36748
1383.00000,156.99778,685.51939
1383.10000,157.05871,685.67121
1383.20000,157.11965,685.82293
1383.30000,157.18059,685.97467
1383.40000,157.24155,686.12649
1383.50000,157.30252,686.27837
1383.60000,157.36350,686.43026
1383.70000,157.42449,686.58210
1383.80000,157.48549,686.73398
1383.90000,157.54650,686.88590
1384.00000,157.60753,687.03784
1384.10000,157.66856,687.18961
1384.20000,157.72961,687.34155
1384.30000,157.79067,687.49329
1384.40000,157.85173,687.64516
1384.50000,157.91281,687.79703
1384.60000,157.97390,687.94895
1384.70000,158.03500,688.10078
1384.80000,158.09611,688.25269
1384.90000,158.15724,688.40453
1385.00000,158.21837,688.55642
1385.10000,158.27951,688.70818
1385.20000,158.34067,688.86016
1385.30000,158.40184,689.01197
1385.40000,158.46301,689.16391
1385.50000,158.52420,689.31585
1385.60000,158.58540,689.46774
1385.70000,158.64661,689.61963
1385.80000,158.70783,689.77162
1385.90000,158.76906,689.92356
1386.00000,158.83031,690.07544
1386.10000,158.89156,690.22732
1386.20000,158.95283,690.37936
1386.30000,159.01410,690.53126
1386.40000,159.07539,690.68327
1386.50000,159.13669,690.83524
1386.60000,159.19800,690.98719
1386.70000,159.25932,691.13922
1386.80000,159.32065,691.29127
1386.90000,159.38199,691.44323
1387.00000,159.44334,691.59512
1387.10000,159.50471,691.74700
1387.20000,159.56608,691.89882
1387.30000,159.62747,692.05069
1387.40000,159.68886,692.20273
1387.50000,159.75027,692.35463
1387.60000,159.81169,692.50668
1387.70000,159.87312,692.65863
1387.80000,159.93456,692.81065
1387.90000,159.99601,692.96269
1388.00000,160.05747,693.11467
1388.10000,160.11894,693.26657
1388.20000,160.18043,693.41850
1388.30000,160.24192,693.57055
1388.40000,160.30343,693.72254
1388.50000,160.36495,693.87440
1388.60000,160.42647,694.02646
1388.70000,160.48801,694.17839
1388.80000,160.54956,694.33034
1388.90000,160.61112,694.48233
1389.00000,160.67270,694.63435
1389.10000,160.73428,694.78630
1389.20000,160.79587,694.93842
1389.30000,160.85748,695.09049
1389.40000,160.91909,695.24253
1389.50000,160.98072,695.39453
1389.60000,161.04236,695.54659
1389.70000,161.10400,695.69856
1389.80000,161.16566,695.85046
1389.90000,161.22733,696.00246
1390.00000,161.28901,696.15456
1390.10000,161.35071,696.30664
1390.20000,161.41241,696.45883
1390.30000,161.47412,696.61091
1390.40000,161.53585,696.76300
1390.50000,161.59758,696.91497
1390.60000,161.65933,697.06697
1390.70000,161.72109,697.21896
1390.80000,161.78286,697.37100
1390.90000,161.84464,697.52302
1391.00000,161.90643,697.67508
1391.10000,161.96823,697.82718
1391.20000,162.03004,697.97925
1391.30000,162.09186,698.13134
1391.40000,162.15370,698.28336
1391.50000,162.21554,698.43538
1391.60000,162.27740,698.58744
1391.70000,162.33927,698.73949
1391.80000,162.40114,698.89162
1391.90000,162.46303,699.04371
1392.00000,162.52493,699.19585
1392.10000,162.58684,699.34805
1392.20000,162.64877,699.50005
1392.30000,162.71070,699.65227
1392.40000,162.77264,699.80445
1392.50000,162.83460,699.95664
1392.60000,162.89656,700.10878
1392.70000,162.95854,700.26089
1392.80000,163.02052,700.41311
1392.90000,163.08252,700.56519
1393.00000,163.14453,700.71739
1393.10000,163.20655,700.86941
1393.20000,163.26858,701.02140
1393.30000,163.33062,701.17367
1393.40000,163.39268,701.32586
1393.50000,163.45474,701.47809
1393.60000,163.51682,701.63014
1393.70000,163.57890,701.78227
1393.80000,163.64100,701.93437
1393.90000,163.70310,702.08640
1394.00000,163.76522,702.23853
1394.10000,163.82735,702.39051
1394.20000,163.88949,702.54266
1394.30000,163.95164,702.69486
1394.40000,164.01380,702.84708
1394.50000,164.07598,702.99928
1394.60000,164.13816,703.15144
1394.70000,164.20036,703.30374
1394.80000,164.26256,703.45590
1394.90000,164.32478,703.60819
1395.00000,164.38700,703.76037
1395.10000,164.44924,703.91252
1395.20000,164.51149,704.06474
1395.30000,164.57375,704.21697
1395.40000,164.63602,704.36923
1395.50000,164.69830,704.52138
1395.60000,164.76060,704.67371
1395.70000,164.82290,704.82597
1395.80000,164.88522,704.97813
1395.90000,164.94754,705.13044
1396.00000,165.00988,705.28256
1396.10000,165.07223,705.43479
1396.20000,165.13458,705.58700
1396.30000,165.19695,705.73917
1396.40000,165.25933,705.89141
1396.50000,165.32172,706.04361
1396.60000,165.38413,706.19588
1396.70000,165.44654,706.34800
1396.80000,165.50896,706.50024
1396.90000,165.57140,706.65239
1397.00000,165.63384,706.80462
1397.10000,165.69630,706.95690
1397.20000,165.75877,707.10914
1397.30000,165.82124,707.26147
1397.40000,165.88373,707.41378
1397.50000,165.94623,707.56608
1397.60000,166.00874,707.71832
1397.70000,166.07126,707.87061
1397.80000,166.13380,708.02296
1397.90000,166.19634,708.17514
1398.00000,166.25889,708.32742
1398.10000,166.32146,708.47966
1398.20000,166.38404,708.63195
1398.30000,166.44662,708.78440
1398.40000,166.50922,708.93663
1398.50000,166.57183,709.08893
1398.60000,166.63445,709.24127
1398.70000,166.69708,709.39363
1398.80000,166.75972,709.54599
1398.90000,166.82237,709.69834
1399.00000,166.88504,709.85063
1399.10000,166.94771,710.00301
1399.20000,167.01040,710.15527
1399.30000,167.07309,710.30765
1399.40000,167.13580,710.45989
1399.50000,167.19852,710.61214
1399.60000,167.26125,710.76454
1399.70000,167.32399,710.91684
1399.80000,167.38674,711.06921
1399.90000,167.44950,711.22155
1400.00000,167.51227,711.37391
1400.10000,167.57505,711.52620
1400.20000,167.63785,711.67847
1400.30000,167.70065,711.83091
1400.40000,167.76347,711.98328
1400.50000,167.82629,712.13572
1400.60000,167.88913,712.28816
1400.70000,167.95198,712.44057
1400.80000,168.01484,712.59297
1400.90000,168.07771,712.74532
1401.00000,168.14059,712.89770
1401.10000,168.20348,713.04995
1401.20000,168.26638,713.20221
1401.30000,168.32930,713.35465
1401.40000,168.39222,713.50705
1401.50000,168.45516,713.65953
1401.60000,168.51810,713.81191
1401.70000,168.58106,713.96438
1401.80000,168.64403,714.11693
1401.90000,168.70701,714.26941
1402.00000,168.77000,714.42185
1402.10000,168.83300,714.57422
1402.20000,168.89601,714.72656
1402.30000,168.95903,714.87916
1402.40000,169.02206,715.03162
1402.50000,169.08511,715.18407
1402.60000,169.14816,715.33645
1402.70000,169.21123,715.48887
1402.80000,169.27431,715.64140
1402.90000,169.33739,715.79362
1403.00000,169.40049,715.94608
1403.10000,169.46360,716.09855
1403.20000,169.52672,716.25097
1403.30000,169.58985,716.40353
1403.40000,169.65299,716.55599
1403.50000,169.71615,716.70846
1403.60000,169.77931,716.86092
1403.70000,169.84248,717.01340
1403.80000,169.90567,717.16588
1403.90000,169.96887,717.31820
1404.00000,170.03207,717.47085
1404.10000,170.09529,717.62332
1404.20000,170.15852,717.77572
1404.30000,170.22176,717.92829
1404.40000,170.28501,718.08077
1404.50000,170.34827,718.23326
1404.60000,170.41154,718.38579
1404.70000,170.47483,718.53822
1404.80000,170.53812,718.69069
1404.90000,170.60142,718.84325
1405.00000,170.66474,718.99580
1405.10000,170.72807,719.14829
1405.20000,170.79140,719.30082
1405.30000,170.85475,719.45347
1405.40000,170.91811,719.60604
1405.50000,170.98148,719.75853
1405.60000,171.04486,719.91103
1405.70000,171.10825,720.06349
1405.80000,171.17166,720.21601
1405.90000,171.23507,720.36864
1406.00000,171.29849,720.52105
1406.10000,171.36193,720.67371
1406.20000,171.42537,720.82629
1406.30000,171.48883,720.97894
1406.40000,171.55230,721.13152
1406.50000,171.61578,721.28406
1406.60000,171.67927,721.43669
1406.70000,171.74277,721.58935
1406.80000,171.80628,721.74195
1406.90000,171.86980,721.89456
1407.00000,171.93333,722.04711
1407.10000,171.99687,722.19969
1407.20000,172.06043,722.35225
1407.30000,172.12399,722.50476
1407.40000,172.18757,722.65734
1407.50000,172.25116,722.80989
1407.60000,172.31475,722.96260
1407.70000,172.37836,723.11532
1407.80000,172.44198,723.26798
1407.90000,172.50561,723.42073
1408.00000,172.56925,723.57343
1408.10000,172.63291,723.72590
1408.20000,172.69657,723.87857
1408.30000,172.76024,724.03117
1408.40000,172.82393,724.18381
1408.50000,172.88762,724.33640
1408.60000,172.95133,724.48913
1408.70000,173.01504,724.64172
1408.80000,173.07877,724.79437
1408.90000,173.14251,724.94714
1409.00000,173.20626,725.09979
1409.10000,173.27002,725.25231
1409.20000,173.33379,725.40501
1409.30000,173.39757,725.55776
1409.40000,173.46137,725.71045
1409.50000,173.52517,725.86316
1409.60000,173.58898,726.01582
1409.70000,173.65281,726.16845
1409.80000,173.71665,726.32113
1409.90000,173.78049,726.47391
1410.00000,173.84435,726.62653
1410.10000,173.90822,726.77914
1410.20000,173.97210,726.93182
1410.30000,174.03599,727.08461
1410.40000,174.09989,727.23740
1410.50000,174.16380,727.39009
1410.60000,174.22772,727.54281
1410.70000,174.29166,727.69550
1410.80000,174.35560,727.84830
1410.90000,174.41956,728.00105
1411.00000,174.48352,728.15378
1411.10000,174.54750,728.30642
1411.20000,174.61149,728.45925
1411.30000,174.67549,728.61205
1411.40000,174.73950,728.76472
1411.50000,174.80352,728.91745
1411.60000,174.86755,729.07019
1411.70000,174.93159,729.22286
1411.80000,174.99564,729.37576
1411.90000,175.05971,729.52852
1412.00000,175.12378,729.68128
1412.10000,175.18786,729.83403
1412.20000,175.25196,729.98693
1412.30000,175.31607,730.13968
1412.40000,175.38018,730.29245
1412.50000,175.44431,730.44538
1412.60000,175.50845,730.59815
1412.70000,175.57260,730.75100
1412.80000,175.63676,730.90384
1412.90000,175.70093,731.05657
1413.00000,175.76512,731.20928
1413.10000,175.82931,731.36197
1413.20000,175.89351,731.51478
1413.30000,175.95773,731.66762
1413.40000,176.02196,731.82042
1413.50000,176.08619,731.97331
1413.60000,176.15044,732.12614
1413.70000,176.21470,732.27905
1413.80000,176.27897,732.43187
1413.90000,176.34325,732.58472
1414.00000,176.40754,732.73765
1414.10000,176.47184,732.89042
1414.20000,176.53615,733.04331
1414.30000,176.60047,733.19617
1414.40000,176.66481,733.34902
1414.50000,176.72915,733.50198
1414.60000,176.79351,733.65483
1414.70000,176.85787,733.80773
1414.80000,176.92225,733.96053
1414.90000,176.98664,734.11338
1415.00000,177.05104,734.26618
1415.10000,177.11545,734.41898
1415.20000,177.17987,734.57187
1415.30000,177.24430,734.72485
1415.40000,177.30874,734.87782
1415.50000,177.37319,735.03075
1415.60000,177.43766,735.18370
1415.70000,177.50213,735.33666
1415.80000,177.56661,735.48942
1415.90000,177.63111,735.64235
1416.00000,177.69562,735.79519
1416.10000,177.76013,735.94814
1416.20000,177.82466,736.10113
1416.30000,177.88920,736.25417
1416.40000,177.95375,736.40710
1416.50000,178.01831,736.55996
1416.60000,178.08288,736.71297
1416.70000,178.14747,736.86589
1416.80000,178.21206,737.01882
1416.90000,178.27666,737.17184
1417.00000,178.34128,737.32473
1417.10000,178.40590,737.47764
1417.20000,178.47054,737.63066
1417.30000,178.53519,737.78373
1417.40000,178.59984,737.93665
1417.50000,178.66451,738.08957
1417.60000,178.72919,738.24268
1417.70000,178.79388,738.39577
1417.80000,178.85858,738.54871
1417.90000,178.92330,738.70163
1418.00000,178.98802,738.85457
1418.10000,179.05275,739.00760
1418.20000,179.11750,739.16071
1418.30000,179.18225,739.31376
1418.40000,179.24702,739.46671
1418.50000,179.31179,739.61976
1418.60000,179.37658,739.77287
1418.70000,179.44138,739.92601
1418.80000,179.50619,740.07887
1418.90000,179.57101,740.23187
1419.00000,179.63584,740.38483
1419.10000,179.70068,740.53784
1419.20000,179.76553,740.69091
1419.30000,179.83039,740.84385
1419.40000,179.89527,740.99688
1419.50000,179.96015,741.14997
1419.60000,180.02505,741.30307
1419.70000,180.08995,741.45622
1419.80000,180.15487,741.60920
1419.90000,180.21980,741.76226
1420.00000,180.28473,741.91534
1420.10000,180.34968,742.06846
1420.20000,180.41464,742.22167
1420.30000,180.47961,742.37466
1420.40000,180.54460,742.52786
1420.50000,180.60959,742.68108
1420.60000,180.67459,742.83422
1420.70000,180.73960,742.98728
1420.80000,180.80463,743.14038
1420.90000,180.86966,743.29351
1421.00000,180.93471,743.44668
1421.10000,180.99977,743.59980
1421.20000,181.06483,743.75290
1421.30000,181.12991,743.90596
1421.40000,181.19500,744.05923
1421.50000,181.26010,744.21236
1421.60000,181.32521,744.36549
1421.70000,181.39033,744.51854
1421.80000,181.45547,744.67157
1421.90000,181.52061,744.82470
1422.00000,181.58576,744.97783
1422.10000,181.65093,745.13084
1422.20000,181.71610,745.28398
1422.30000,181.78129,745.43724
1422.40000,181.84649,745.59058
1422.50000,181.91169,745.74382
1422.60000,181.97691,745.89712
1422.70000,182.04214,746.05028
1422.80000,182.10738,746.20338
1422.90000,182.17263,746.35659
1423.00000,182.23789,746.50975
1423.10000,182.30317,746.66280
1423.20000,182.36845,746.81604
1423.30000,182.43374,746.96933
1423.40000,182.49905,747.12256
1423.50000,182.56436,747.27582
1423.60000,182.62969,747.42913
1423.70000,182.69503,747.58225
1423.80000,182.76037,747.73540
1423.90000,182.82573,747.88866
1424.00000,182.89110,748.04197
1424.10000,182.95648,748.19511
1424.20000,183.02187,748.34849
1424.30000,183.08727,748.50170
1424.40000,183.15268,748.65492
1424.50000,183.21811,748.80819
1424.60000,183.28354,748.96141
1424.70000,183.34899,749.11455
1424.80000,183.41444,749.26777
1424.90000,183.47991,749.42119
1425.00000,183.54538,749.57450
1425.10000,183.61087,749.72771
1425.20000,183.67637,749.88111
1425.30000,183.74188,750.03434
1425.40000,183.80740,750.18769
1425.50000,183.87293,750.34099
1425.60000,183.93847,750.49432
1425.70000,184.00402,750.64765
1425.80000,184.06958,750.80089
1425.90000,184.13516,750.95428
1426.00000,184.20074,751.10752
1426.10000,184.26634,751.26087
1426.20000,184.33194,751.41420
1426.30000,184.39756,751.56745
1426.40000,184.46319,751.72081
1426.50000,184.52882,751.87413
1426.60000,184.59447,752.02757
1426.70000,184.66013,752.18083
1426.80000,184.72580,752.33414
1426.90000,184.79148,752.48749
1427.00000,184.85718,752.64082
1427.10000,184.92288,752.79425
1427.20000,184.98859,752.94758
1427.30000,185.05432,753.10101
1427.40000,185.12005,753.25450
1427.50000,185.18580,753.40788
1427.60000,185.25155,753.56130
1427.70000,185.31732,753.71461
1427.80000,185.38310,753.86792
1427.90000,185.44889,754.02129
1428.00000,185.51468,754.17471
1428.10000,185.58049,754.32821
1428.20000,185.64632,754.48162
1428.30000,185.71215,754.63517
1428.40000,185.77799,754.78853
1428.50000,185.84384,754.94193
1428.60000,185.90971,755.09530
1428.70000,185.97558,755.24864
1428.80000,186.04147,755.40202
1428.90000,186.10736,755.55544
1429.00000,186.17327,755.70893
1429.10000,186.23918,755.86249
1429.20000,186.30511,756.01599
1429.30000,186.37105,756.16943
1429.40000,186.43700,756.32279
1429.50000,186.50296,756.47620
1429.60000,186.56893,756.62972
1429.70000,186.63491,756.78318
1429.80000,186.70091,756.93675
1429.90000,186.76691,757.09015
1430.00000,186.83292,757.24372
1430.10000,186.89895,757.39724
1430.20000,186.96498,757.55073
1430.30000,187.03103,757.70412
1430.40000,187.09709,757.85758
1430.50000,187.16315,758.01105
1430.60000,187.22923,758.16465
1430.70000,187.29532,758.31826
1430.80000,187.36142,758.47188
1430.90000,187.42753,758.62543
1431.00000,187.49365,758.77908
1431.10000,187.55979,758.93255
1431.20000,187.62593,759.08605
1431.30000,187.69208,759.23948
1431.40000,187.75825,759.39298
1431.50000,187.82442,759.54652
1431.60000,187.89061,759.70001
1431.70000,187.95680,759.85360
1431.80000,188.02301,760.00726
1431.90000,188.08923,760.16085
1432.00000,188.15546,760.31441
1432.10000,188.22170,760.46783
1432.20000,188.28795,760.62141
1432.30000,188.35421,760.77493
1432.40000,188.42048,760.92847
1432.50000,188.48676,761.08210
1432.60000,188.55305,761.23566
1432.70000,188.61936,761.38929
1432.80000,188.68567,761.54295
1432.90000,188.75200,761.69643
1433.00000,188.81833,761.85004
1433.10000,188.88468,762.00362
1433.20000,188.95104,762.15734
1433.30000,189.01740,762.31097
1433.40000,189.08378,762.46451
1433.50000,189.15017,762.61825
1433.60000,189.21657,762.77188
1433.70000,189.28298,762.92551
1433.80000,189.34940,763.07904
1433.90000,189.41584,763.23263
1434.00000,189.48228,763.38640
1434.10000,189.54873,763.54019
1434.20000,189.61520,763.69402
1434.30000,189.68167,763.84775
1434.40000,189.74816,764.00136
1434.50000,189.81465,764.15516
1434.60000,189.88116,764.30885
1434.70000,189.94768,764.46249
1434.80000,190.01421,764.61597
1434.90000,190.08075,764.76965
1435.00000,190.14730,764.92338
1435.10000,190.21386,765.07704
1435.20000,190.28043,765.23076
1435.30000,190.34701,765.38441
1435.40000,190.41361,765.53809
1435.50000,190.48021,765.69189
1435.60000,190.54682,765.84568
1435.70000,190.61345,765.99937
1435.80000,190.68008,766.15306
1435.90000,190.74673,766.30687
1436.00000,190.81339,766.46057
1436.10000,190.88006,766.61422
1436.20000,190.94673,766.76787
1436.30000,191.01342,766.92160
1436.40000,191.08012,767.07541
1436.50000,191.14683,767.22914
1436.60000,191.21356,767.38301
1436.70000,191.28029,767.53675
1436.80000,191.34703,767.69067
1436.90000,191.41378,767.84456
1437.00000,191.48055,767.99830
1437.10000,191.54732,768.15203
1437.20000,191.61411,768.30578
1437.30000,191.68091,768.45965
1437.40000,191.74771,768.61344
1437.50000,191.81453,768.76727
1437.60000,191.88136,768.92117
1437.70000,191.94820,769.07500
1437.80000,192.01505,769.22880
1437.90000,192.08191,769.38269
1438.00000,192.14878,769.53644
1438.10000,192.21566,769.69009
1438.20000,192.28255,769.84390
1438.30000,192.34946,769.99774
1438.40000,192.41637,770.15151
1438.50000,192.48330,770.30545
1438.60000,192.55023,770.45927
1438.70000,192.61718,770.61315
1438.80000,192.68413,770.76696
1438.90000,192.75110,770.92088
1439.00000,192.81808,771.07474
1439.10000,192.88507,771.22853
1439.20000,192.95207,771.38245
1439.30000,193.01908,771.53638
1439.40000,193.08610,771.69030
1439.50000,193.15313,771.84425
1439.60000,193.22017,771.99814
1439.70000,193.28723,772.15212
1439.80000,193.35429,772.30604
1439.90000,193.42136,772.45991
1440.00000,193.48845,772.61382
1440.10000,193.55554,772.76761
1440.20000,193.62265,772.92150
1440.30000,193.68977,773.07550
1440.40000,193.75690,773.22951
1440.50000,193.82403,773.38345
1440.60000,193.89118,773.53735
1440.70000,193.95834,773.69127
1440.80000,194.02551,773.84529
1440.90000,194.09270,773.99925
1441.00000,194.15989,774.15320
1441.10000,194.22709,774.30712
1441.20000,194.29430,774.46113
1441.30000,194.36153,774.61512
1441.40000,194.42876,774.76916
1441.50000,194.49601,774.92309
1441.60000,194.56326,775.07702
1441.70000,194.63053,775.23103
1441.80000,194.69781,775.38512
1441.90000,194.76510,775.53904
1442.00000,194.83239,775.69304
1442.10000,194.89970,775.84699
1442.20000,194.96702,776.00108
1442.30000,195.03436,776.15499
1442.40000,195.10170,776.30918
1442.50000,195.16905,776.46315
1442.60000,195.23641,776.61722
1442.70000,195.30379,776.77124
1442.80000,195.37117,776.92524
1442.90000,195.43856,777.07915
1443.00000,195.50597,777.23324
1443.10000,195.57339,777.38737
1443.20000,195.64081,777.54153
1443.30000,195.70825,777.69545
1443.40000,195.77570,777.84958
1443.50000,195.84316,778.00356
1443.60000,195.91063,778.15768
1443.70000,195.97811,778.31168
1443.80000,196.04560,778.46580
1443.90000,196.11310,778.61991
1444.00000,196.18061,778.77407
1444.10000,196.24814,778.92821
1444.20000,196.31567,779.08227
1444.30000,196.38321,779.23628
1444.40000,196.45077,779.39040
1444.50000,196.51833,779.54450
1444.60000,196.58591,779.69871
1444.70000,196.65350,779.85279
1444.80000,196.72109,780.00705
1444.90000,196.78870,780.16117
1445.00000,196.85632,780.31537
1445.10000,196.92395,780.46948
1445.20000,196.99159,780.62372
1445.30000,197.05924,780.77791
1445.40000,197.12690,780.93207
1445.50000,197.19458,781.08617
1445.60000,197.26226,781.24034
1445.70000,197.32995,781.39434
1445.80000,197.39766,781.54857
1445.90000,197.46537,781.70269
1446.00000,197.53310,781.85694
1446.10000,197.60083,782.01116
1446.20000,197.66858,782.16541
1446.30000,197.73634,782.31964
1446.40000,197.80411,782.47373
1446.50000,197.87189,782.62782
1446.60000,197.93968,782.78209
1446.70000,198.00748,782.93628
1446.80000,198.07529,783.09058
1446.90000,198.14311,783.24477
1447.00000,198.21094,783.39920
1447.10000,198.27878,783.55346
1447.20000,198.34664,783.70774
1447.30000,198.41450,783.86197
1447.40000,198.48238,784.01612
1447.50000,198.55026,784.17032
1447.60000,198.61816,784.32474
1447.70000,198.68607,784.47889
1447.80000,198.75398,784.63307
1447.90000,198.82191,784.78731
1448.00000,198.88985,784.94161
1448.10000,198.95780,785.09580
1448.20000,199.02576,785.25006
1448.30000,199.09373,785.40432
1448.40000,199.16171,785.55865
1448.50000,199.22970,785.71300
1448.60000,199.29771,785.86734
1448.70000,199.36572,786.02160
1448.80000,199.43374,786.17594
1448.90000,199.50178,786.33028
1449.00000,199.56982,786.48459
1449.10000,199.63788,786.63903
1449.20000,199.70595,786.79329
1449.30000,199.77402,786.94773
1449.40000,199.84211,787.10206
1449.50000,199.91021,787.25638
1449.60000,199.97832,787.41070
1449.70000,200.04644,787.56507
1449.80000,200.11457,787.71939
1449.90000,200.18271,787.87371
1450.00000,200.25086,788.02810
1450.10000,200.31903,788.18253
1450.20000,200.38720,788.33690
1450.30000,200.45538,788.49120
1450.40000,200.52358,788.64556
1450.50000,200.59178,788.79999
1450.60000,200.66000,788.95453
1450.70000,200.72822,789.10893
1450.80000,200.79646,789.26329
1450.90000,200.86471,789.41772
1451.00000,200.93297,789.57212
1451.10000,201.00124,789.72654
1451.20000,201.06952,789.88102
1451.30000,201.13781,790.03525
1451.40000,201.20611,790.18979
1451.50000,201.27442,790.34442
1451.60000,201.34274,790.49902
1451.70000,201.41107,790.65351
1451.80000,201.47942,790.80805
1451.90000,201.54777,790.96251
1452.00000,201.61614,791.11681
1452.10000,201.68451,791.27127
1452.20000,201.75290,791.42565
1452.30000,201.82129,791.57993
1452.40000,201.88970,791.73436
1452.50000,201.95812,791.88880
1452.60000,202.02655,792.04330
1452.70000,202.09499,792.19780
1452.80000,202.16344,792.35233
1452.90000,202.23190,792.50685
1453.00000,202.30037,792.66141
1453.10000,202.36885,792.81615
1453.20000,202.43734,792.97081
1453.30000,202.50584,793.12542
1453.40000,202.57436,793.27998
1453.50000,202.64288,793.43450
1453.60000,202.71142,793.58896
1453.70000,202.77996,793.74340
1453.80000,202.84852,793.89782
1453.90000,202.91709,794.05236
1454.00000,202.98566,794.20695
1454.10000,203.05425,794.36150
1454.20000,203.12285,794.51606
1454.30000,203.19146,794.67059
1454.40000,203.26008,794.82513
1454.50000,203.32871,794.97970
1454.60000,203.39735,795.13422
1454.70000,203.46600,795.28879
1454.80000,203.53466,795.44337
1454.90000,203.60334,795.59813
1455.00000,203.67202,795.75277
1455.10000,203.74072,795.90739
1455.20000,203.80942,796.06193
1455.30000,203.87814,796.21667
1455.40000,203.94686,796.37131
1455.50000,204.01560,796.52592
1455.60000,204.08435,796.68053
1455.70000,204.15310,796.83514
1455.80000,204.22187,796.98983
1455.90000,204.29065,797.14454
1456.00000,204.35944,797.29925
1456.10000,204.42824,797.45405
1456.20000,204.49705,797.60873
1456.30000,204.56588,797.76342
1456.40000,204.63471,797.91798
1456.50000,204.70355,798.07261
1456.60000,204.77241,798.22720
1456.70000,204.84127,798.38188
1456.80000,204.91014,798.53648
1456.90000,204.97903,798.69111
1457.00000,205.04793,798.84596
1457.10000,205.11683,799.00074
1457.20000,205.18575,799.15556
1457.30000,205.25468,799.31017
1457.40000,205.32362,799.46493
1457.50000,205.39257,799.61957
1457.60000,205.46153,799.77424
1457.70000,205.53050,799.92906
1457.80000,205.59948,800.08372
1457.90000,205.66847,800.23844
1458.00000,205.73747,800.39331
1458.10000,205.80648,800.54809
1458.20000,205.87551,800.70296
1458.30000,205.94454,800.85764
1458.40000,206.01359,801.01234
1458.50000,206.08264,801.16705
1458.60000,206.15171,801.32185
1458.70000,206.22078,801.47665
1458.80000,206.28987,801.63137
1458.90000,206.35897,801.78614
1459.00000,206.42808,801.94102
1459.10000,206.49720,802.09577
1459.20000,206.56633,802.25048
1459.30000,206.63547,802.40524
1459.40000,206.70462,802.56003
1459.50000,206.77378,802.71492
1459.60000,206.84295,802.86976
1459.70000,206.91213,803.02472
1459.80000,206.98133,803.17963
1459.90000,207.05053,803.33462
1460.00000,207.11975,803.48954
1460.10000,207.18897,803.64433
1460.20000,207.25821,803.79905
1460.30000,207.32745,803.95385
1460.40000,207.39671,804.10862
1460.50000,207.46598,804.26346
1460.60000,207.53525,804.41841
1460.70000,207.60454,804.57339
1460.80000,207.67384,804.72834
1460.90000,207.74315,804.88338
1461.00000,207.81247,805.03829
1461.10000,207.88180,805.19317
1461.20000,207.95115,805.34809
1461.30000,208.02050,805.50299
1461.40000,208.08986,805.65792
1461.50000,208.15924,805.81278
1461.60000,208.22862,805.96775
1461.70000,208.29801,806.12262
1461.80000,208.36742,806.27759
1461.90000,208.43684,806.43254
1462.00000,208.50626,806.58745
1462.10000,208.57570,806.74242
1462.20000,208.64515,806.89755
1462.30000,208.71461,807.05256
1462.40000,208.78407,807.20745
1462.50000,208.85355,807.36238
1462.60000,208.92304,807.51728
1462.70000,208.99254,807.67219
1462.80000,209.06206,807.82716
1462.90000,209.13158,807.98212
1463.00000,209.20111,808.13710
1463.10000,209.27065,808.29219
1463.20000,209.34021,808.44727
1463.30000,209.40977,808.60229
1463.40000,209.47935,808.75722
1463.50000,209.54893,808.91225
1463.60000,209.61853,809.06722
1463.70000,209.68813,809.22222
1463.80000,209.75775,809.37722
1463.90000,209.82738,809.53237
1464.00000,209.89702,809.68742
1464.10000,209.96667,809.84243
1464.20000,210.03633,809.99744
1464.30000,210.10600,810.15251
1464.40000,210.17568,810.30749
1464.50000,210.24537,810.46263
1464.60000,210.31507,810.61787
1464.70000,210.38478,810.77286
1464.80000,210.45451,810.92790
1464.90000,210.52424,811.08308
1465.00000,210.59398,811.23815
1465.10000,210.66374,811.39319
1465.20000,210.73351,811.54830
1465.30000,210.80328,811.70341
1465.40000,210.87307,811.85840
1465.50000,210.94287,812.01367
1465.60000,211.01267,812.16876
1465.70000,211.08249,812.32390
1465.80000,211.15232,812.47895
1465.90000,211.22216,812.63424
1466.00000,211.29201,812.78941
1466.10000,211.36187,812.94463
1466.20000,211.43174,813.09981
1466.30000,211.50162,813.25496
1466.40000,211.57152,813.41014
1466.50000,211.64142,813.56537
1466.60000,211.71133,813.72046
1466.70000,211.78126,813.87578
1466.80000,211.85119,814.03092
1466.90000,211.92114,814.18622
1467.00000,211.99109,814.34128
1467.10000,212.06106,814.49653
1467.20000,212.13104,814.65164
1467.30000,212.20103,814.80687
1467.40000,212.27102,814.96219
1467.50000,212.34103,815.11741
1467.60000,212.41105,815.27261
1467.70000,212.48108,815.42784
1467.80000,212.55112,815.58308
1467.90000,212.62117,815.73828
1468.00000,212.69124,815.89345
1468.10000,212.76131,816.04878
1468.20000,212.83139,816.20399
1468.30000,212.90148,816.35944
1468.40000,212.97159,816.51482
1468.50000,213.04170,816.67013
1468.60000,213.11183,816.82534
1468.70000,213.18196,816.98050
1468.80000,213.25211,817.13574
1468.90000,213.32227,817.29090
1469.00000,213.39244,817.44604
1469.10000,213.46261,817.60128
1469.20000,213.53280,817.75668
1469.30000,213.60300,817.91212
1469.40000,213.67321,818.06744
1469.50000,213.74343,818.22282
1469.60000,213.81366,818.37814
1469.70000,213.88390,818.53346
1469.80000,213.95416,818.68881
1469.90000,214.02442,818.84403
1470.00000,214.09469,818.99928
1470.10000,214.16498,819.15473
1470.20000,214.23527,819.31021
1470.30000,214.30558,819.46557
1470.40000,214.37589,819.62094
1470.50000,214.44622,819.77636
1470.60000,214.51655,819.93180
1470.70000,214.58690,820.08719
1470.80000,214.65726,820.24248
1470.90000,214.72763,820.39781
1471.00000,214.79801,820.55325
1471.10000,214.86840,820.70873
1471.20000,214.93880,820.86417
1471.30000,215.00921,821.01967
1471.40000,215.07963,821.17509
1471.50000,215.15006,821.33060
1471.60000,215.22050,821.48606
1471.70000,215.29095,821.64141
1471.80000,215.36142,821.79679
1471.90000,215.43189,821.95224
1472.00000,215.50238,822.10768
1472.10000,215.57287,822.26313
1472.20000,215.64338,822.41855
1472.30000,215.71389,822.57400
1472.40000,215.78442,822.72941
1472.50000,215.85496,822.88499
1472.60000,215.92550,823.04041
1472.70000,215.99606,823.19594
1472.80000,216.06663,823.35145
1472.90000,216.13721,823.50684
1473.00000,216.20780,823.66237
1473.10000,216.27840,823.81788
1473.20000,216.34901,823.97342
1473.30000,216.41964,824.12898
1473.40000,216.49027,824.28449
1473.50000,216.56091,824.44018
1473.60000,216.63156,824.59568
1473.70000,216.70223,824.75130
1473.80000,216.77290,824.90678
1473.90000,216.84359,825.06215
1474.00000,216.91428,825.21774
1474.10000,216.98499,825.37331
1474.20000,217.05571,825.52892
1474.30000,217.12643,825.68447
1474.40000,217.19717,825.83987
1474.50000,217.26792,825.99552
1474.60000,217.33868,826.15106
1474.70000,217.40945,826.30661
1474.80000,217.48023,826.46227
1474.90000,217.55102,826.61782
1475.00000,217.62182,826.77353
1475.10000,217.69263,826.92928
1475.20000,217.76345,827.08495
1475.30000,217.83429,827.24055
1475.40000,217.90513,827.39608
1475.50000,217.97598,827.55181
1475.60000,218.04685,827.70743
1475.70000,218.11772,827.86297
1475.80000,218.18861,828.01868
1475.90000,218.25951,828.17424
1476.00000,218.33041,828.32994
1476.10000,218.40133,828.48567
1476.20000,218.47226,828.64137
1476.30000,218.54320,828.79711
1476.40000,218.61414,828.95280
1476.50000,218.68510,829.10847
1476.60000,218.75607,829.26417
1476.70000,218.82705,829.41974
1476.80000,218.89805,829.57541
1476.90000,218.96905,829.73103
1477.00000,219.04006,829.88679
1477.10000,219.11108,830.04252
1477.20000,219.18211,830.19826
1477.30000,219.25316,830.35412
1477.40000,219.32421,830.50985
1477.50000,219.39528,830.66559
1477.60000,219.46635,830.82143
1477.70000,219.53744,830.97706
1477.80000,219.60854,831.13284
1477.90000,219.67964,831.28840
1478.00000,219.75076,831.44413
1478.10000,219.82189,831.59988
1478.20000,219.89303,831.75564
1478.30000,219.96418,831.91143
1478.40000,220.03534,832.06736
1478.50000,220.10651,832.22320
1478.60000,220.17769,832.37909
1478.70000,220.24888,832.53484
1478.80000,220.32008,832.69059
1478.90000,220.39129,832.84621
1479.00000,220.46251,833.00200
1479.10000,220.53375,833.15785
1479.20000,220.60499,833.31374
1479.30000,220.67625,833.46966
1479.40000,220.74751,833.62559
1479.50000,220.81879,833.78134
1479.60000,220.89007,833.93730
1479.70000,220.96137,834.09313
1479.80000,221.03268,834.24892
1479.90000,221.10399,834.40479
1480.00000,221.17532,834.56065
1480.10000,221.24666,834.71649
1480.20000,221.31801,834.87251
1480.30000,221.38937,835.02840
1480.40000,221.46074,835.18418
1480.50000,221.53212,835.34000
1480.60000,221.60351,835.49583
1480.70000,221.67492,835.65183
1480.80000,221.74633,835.80778
1480.90000,221.81775,835.96380
1481.00000,221.88918,836.11968
1481.10000,221.96063,836.27562
1481.20000,222.03208,836.43154
1481.30000,222.10355,836.58738
1481.40000,222.17502,836.74331
1481.50000,222.24651,836.89919
1481.60000,222.31801,837.05512
1481.70000,222.38951,837.21130
1481.80000,222.46103,837.36726
1481.90000,222.53256,837.52332
1482.00000,222.60410,837.67935
1482.10000,222.67565,837.83531
1482.20000,222.74721,837.99124
1482.30000,222.81878,838.14713
1482.40000,222.89036,838.30320
1482.50000,222.96195,838.45913
1482.60000,223.03355,838.61526
1482.70000,223.10517,838.77135
1482.80000,223.17679,838.92744
1482.90000,223.24842,839.08355
1483.00000,223.32007,839.23968
1483.10000,223.39172,839.39564
1483.20000,223.46339,839.55162
1483.30000,223.53506,839.70758
1483.40000,223.60675,839.86358
1483.50000,223.67844,840.01955
1483.60000,223.75015,840.17569
1483.70000,223.82187,840.33178
1483.80000,223.89360,840.48789
1483.90000,223.96534,840.64389
1484.00000,224.03709,840.79999
1484.10000,224.10884,840.95596
1484.20000,224.18062,841.11197
1484.30000,224.25240,841.26810
1484.40000,224.32419,841.42410
1484.50000,224.39599,841.58023
1484.60000,224.46780,841.73633
1484.70000,224.53962,841.89255
1484.80000,224.61146,842.04879
1484.90000,224.68330,842.20491
1485.00000,224.75516,842.36114
1485.10000,224.82702,842.51729
1485.20000,224.89890,842.67344
1485.30000,224.97078,842.82957
1485.40000,225.04268,842.98560
1485.50000,225.11459,843.14182
1485.60000,225.18650,843.29791
1485.70000,225.25843,843.45409
1485.80000,225.33037,843.61030
1485.90000,225.40232,843.76644
1486.00000,225.47428,843.92268
1486.10000,225.54625,844.07891
1486.20000,225.61823,844.23505
1486.30000,225.69022,844.39122
1486.40000,225.76222,844.54734
1486.50000,225.83423,844.70363
1486.60000,225.90626,844.85974
1486.70000,225.97829,845.01592
1486.80000,226.05033,845.17214
1486.90000,226.12239,845.32848
1487.00000,226.19445,845.48479
1487.10000,226.26653,845.64116
1487.20000,226.33861,845.79746
1487.30000,226.41071,845.95375
1487.40000,226.48282,846.10988
1487.50000,226.55493,846.26610
1487.60000,226.62706,846.42234
1487.70000,226.69920,846.57859
1487.80000,226.77135,846.73487
1487.90000,226.84351,846.89133
1488.00000,226.91568,847.04763
1488.10000,226.98786,847.20394
1488.20000,227.06005,847.36041
1488.30000,227.13225,847.51666
1488.40000,227.20446,847.67300
1488.50000,227.27668,847.82931
1488.60000,227.34891,847.98561
1488.70000,227.42116,848.14187
1488.80000,227.49341,848.29824
1488.90000,227.56568,848.45462
1489.00000,227.63795,848.61094
1489.10000,227.71024,848.76718
1489.20000,227.78253,848.92368
1489.30000,227.85484,849.07995
1489.40000,227.92715,849.23646
1489.50000,227.99948,849.39282
1489.60000,228.07182,849.54924
1489.70000,228.14417,849.70556
1489.80000,228.21653,849.86198
1489.90000,228.28890,850.01843
1490.00000,228.36128,850.17482
1490.10000,228.43367,850.33127
1490.20000,228.50607,850.48765
1490.30000,228.57848,850.64408
1490.40000,228.65090,850.80055
1490.50000,228.72333,850.95694
1490.60000,228.79577,851.11346
1490.70000,228.86823,851.26985
1490.80000,228.94069,851.42631
1490.90000,229.01317,851.58271
1491.00000,229.08565,851.73914
1491.10000,229.15815,851.89575
1491.20000,229.23065,852.05212
1491.30000,229.30317,852.20872
1491.40000,229.37569,852.36516
1491.50000,229.44823,852.52164
1491.60000,229.52078,852.67832
1491.70000,229.59334,852.83483
1491.80000,229.66591,852.99131
1491.90000,229.73848,853.14781
1492.00000,229.81107,853.30435
1492.10000,229.88367,853.46083
1492.20000,229.95628,853.61732
1492.30000,230.02891,853.77381
1492.40000,230.10154,853.93025
1492.50000,230.17418,854.08673
1492.60000,230.24683,854.24332
1492.70000,230.31949,854.39988
1492.80000,230.39217,854.55647
1492.90000,230.46485,854.71321
1493.00000,230.53755,854.86979
1493.10000,230.61025,855.02636
1493.20000,230.68297,855.18301
1493.30000,230.75569,855.33954
1493.40000,230.82843,855.49606
1493.50000,230.90118,855.65267
1493.60000,230.97393,855.80924
1493.70000,231.04670,855.96579
1493.80000,231.11948,856.12241
1493.90000,231.19227,856.27915
1494.00000,231.26507,856.43573
1494.10000,231.33788,856.59239
1494.20000,231.41070,856.74904
1494.30000,231.48353,856.90572
1494.40000,231.55637,857.06237
1494.50000,231.62922,857.21902
1494.60000,231.70208,857.37567
1494.70000,231.77496,857.53226
1494.80000,231.84784,857.68902
1494.90000,231.92073,857.84562
1495.00000,231.99364,858.00227
1495.10000,232.06655,858.15900
1495.20000,232.13948,858.31566
1495.30000,232.21241,858.47237
1495.40000,232.28536,858.62910
1495.50000,232.35832,858.78585
1495.60000,232.43128,858.94268
1495.70000,232.50426,859.09937
1495.80000,232.57725,859.25622
1495.90000,232.65025,859.41295
1496.00000,232.72326,859.56969
1496.10000,232.79628,859.72646
1496.20000,232.86931,859.88309
1496.30000,232.94235,860.03980
1496.40000,233.01540,860.19655
1496.50000,233.08846,860.35339
1496.60000,233.16153,860.51000
1496.70000,233.23461,860.66678
1496.80000,233.30771,860.82366
1496.90000,233.38081,860.98057
1497.00000,233.45392,861.13735
1497.10000,233.52705,861.29424
1497.20000,233.60018,861.45094
1497.30000,233.67333,861.60772
1497.40000,233.74648,861.76458
1497.50000,233.81965,861.92140
1497.60000,233.89283,862.07810
1497.70000,233.96601,862.23507
1497.80000,234.03921,862.39186
1497.90000,234.11242,862.54877
1498.00000,234.18564,862.70559
1498.10000,234.25887,862.86246
1498.20000,234.33210,863.01917
1498.30000,234.40535,863.17591
1498.40000,234.47861,863.33280
1498.50000,234.55189,863.48977
1498.60000,234.62517,863.64686
1498.70000,234.69846,863.80378
1498.80000,234.77176,863.96070
1498.90000,234.84507,864.11758
1499.00000,234.91840,864.27458
1499.10000,234.99173,864.43151
1499.20000,235.06507,864.58833
1499.30000,235.13843,864.74519
1499.40000,235.21179,864.90211
1499.50000,235.28517,865.05908
1499.60000,235.35856,865.21606
1499.70000,235.43195,865.37283
1499.80000,235.50536,865.52981
1499.90000,235.57878,865.68667
1500.00000,235.65220,865.84372
1500.10000,235.72564,866.00070
1500.20000,235.79909,866.15767
1500.30000,235.87255,866.31472
1500.40000,235.94602,866.47173
1500.50000,236.01950,866.62877
1500.60000,236.09299,866.78582
1500.70000,236.16649,866.94288
1500.80000,236.24000,867.09999
1500.90000,236.31353,867.25695
1501.00000,236.38706,867.41395
1501.10000,236.46060,867.57097
1501.20000,236.53415,867.72793
1501.30000,236.60772,867.88489
1501.40000,236.68129,868.04191
1501.50000,236.75488,868.19898
1501.60000,236.82847,868.35612
1501.70000,236.90208,868.51329
1501.80000,236.97569,868.67044
1501.90000,237.04932,868.82741
1502.00000,237.12296,868.98461
1502.10000,237.19661,869.14166
1502.20000,237.27026,869.29878
1502.30000,237.34393,869.45581
1502.40000,237.41761,869.61280
1502.50000,237.49130,869.76992
1502.60000,237.56500,869.92703
1502.70000,237.63871,870.08405
1502.80000,237.71243,870.24125
1502.90000,237.78616,870.39830
1503.00000,237.85990,870.55546
1503.10000,237.93366,870.71271
1503.20000,238.00742,870.86997
1503.30000,238.08119,871.02704
1503.40000,238.15497,871.18405
1503.50000,238.22877,871.34124
1503.60000,238.30257,871.49839
1503.70000,238.37639,871.65553
1503.80000,238.45021,871.81286
1503.90000,238.52405,871.97010
1504.00000,238.59789,872.12720
1504.10000,238.67175,872.28459
1504.20000,238.74562,872.44162
1504.30000,238.81950,872.59874
1504.40000,238.89338,872.75592
1504.50000,238.96728,872.91311
1504.60000,239.04119,873.07037
1504.70000,239.11511,873.22768
1504.80000,239.18904,873.38501
1504.90000,239.26298,873.54229
1505.00000,239.33693,873.69930
1505.10000,239.41089,873.85659
1505.20000,239.48486,874.01370
1505.30000,239.55885,874.17105
1505.40000,239.63284,874.32827
1505.50000,239.70684,874.48547
1505.60000,239.78085,874.64283
1505.70000,239.85488,874.80034
1505.80000,239.92891,874.95772
1505.90000,240.00296,875.11497
1506.00000,240.07701,875.27231
1506.10000,240.15108,875.42964
1506.20000,240.22515,875.58701
1506.30000,240.29924,875.74432
1506.40000,240.37334,875.90150
1506.50000,240.44745,876.05889
1506.60000,240.52156,876.21627
1506.70000,240.59569,876.37370
1506.80000,240.66983,876.53099
1506.90000,240.74398,876.68835
1507.00000,240.81814,876.84581
1507.10000,240.89231,877.00311
1507.20000,240.96649,877.16056
1507.30000,241.04068,877.31792
1507.40000,241.11488,877.47532
1507.50000,241.18909,877.63283
1507.60000,241.26332,877.79011
1507.70000,241.33755,877.94748
1507.80000,241.41179,878.10482
1507.90000,241.48604,878.26222
1508.00000,241.56031,878.41962
1508.10000,241.63458,878.57704
1508.20000,241.70887,878.73448
1508.30000,241.78316,878.89192
1508.40000,241.85747,879.04943
1508.50000,241.93179,879.20697
1508.60000,242.00611,879.36431
1508.70000,242.08045,879.52181
1508.80000,242.15480,879.67924
1508.90000,242.22915,879.83669
1509.00000,242.30352,879.99425
1509.10000,242.37790,880.15174
1509.20000,242.45229,880.30925
1509.30000,242.52669,880.46665
1509.40000,242.60110,880.62418
1509.50000,242.67552,880.78180
1509.60000,242.74995,880.93920
1509.70000,242.82439,881.09678
1509.80000,242.89885,881.25431
1509.90000,242.97331,881.41191
1510.00000,243.04778,881.56949
1510.10000,243.12226,881.72702
1510.20000,243.19676,881.88464
1510.30000,243.27126,882.04204
1510.40000,243.34578,882.19966
1510.50000,243.42030,882.35724
1510.60000,243.49484,882.51475
1510.70000,243.56938,882.67244
1510.80000,243.64394,882.83010
1510.90000,243.71850,882.98762
1511.00000,243.79308,883.14511
1511.10000,243.86767,883.30269
1511.20000,243.94227,883.46030
1511.30000,244.01688,883.61772
1511.40000,244.09149,883.77542
1511.50000,244.16612,883.93284
1511.60000,244.24076,884.09059
1511.70000,244.31541,884.24842
1511.80000,244.39007,884.40614
1511.90000,244.46474,884.56367
1512.00000,244.53943,884.72137
1512.10000,244.61412,884.87913
1512.20000,244.68882,885.03676
1512.30000,244.76353,885.19431
1512.40000,244.83826,885.35204
1512.50000,244.91299,885.50964
1512.60000,244.98773,885.66742
1512.70000,245.06249,885.82522
1512.80000,245.13725,885.98298
1512.90000,245.21203,886.14066
1513.00000,245.28681,886.29848
1513.10000,245.36161,886.45618
1513.20000,245.43642,886.61385
1513.30000,245.51123,886.77156
1513.40000,245.58606,886.92923
1513.50000,245.66090,887.08695
1513.60000,245.73575,887.24462
1513.70000,245.81060,887.40246
1513.80000,245.88547,887.56017
1513.90000,245.96035,887.71782
1514.00000,246.03524,887.87560
1514.10000,246.11014,888.03332
1514.20000,246.18505,888.19114
1514.30000,246.25997,888.34888
1514.40000,246.33491,888.50667
1514.50000,246.40985,888.66450
1514.60000,246.48480,888.82235
1514.70000,246.55976,888.98024
1514.80000,246.63474,889.13800
1514.90000,246.70972,889.29577
1515.00000,246.78471,889.45364
1515.10000,246.85972,889.61156
1515.20000,246.93473,889.76938
1515.30000,247.00976,889.92729
1515.40000,247.08479,890.08522
1515.50000,247.15984,890.24315
1515.60000,247.23490,890.40102
1515.70000,247.30996,890.55895
1515.80000,247.38504,890.71682
1515.90000,247.46013,890.87462
1516.00000,247.53523,891.03245
1516.10000,247.61034,891.19035
1516.20000,247.68545,891.34831
1516.30000,247.76058,891.50622
1516.40000,247.83572,891.66414
1516.50000,247.91087,891.82214
1516.60000,247.98603,891.98006
1516.70000,248.06121,892.13804
1516.80000,248.13639,892.29606
1516.90000,248.21158,892.45394
1517.00000,248.28678,892.61189
1517.10000,248.36199,892.76992
1517.20000,248.43722,892.92791
1517.30000,248.51245,893.08581
1517.40000,248.58769,893.24383
1517.50000,248.66295,893.40178
1517.60000,248.73821,893.55968
1517.70000,248.81349,893.71759
1517.80000,248.88877,893.87571
1517.90000,248.96407,894.03358
1518.00000,249.03938,894.19159
1518.10000,249.11469,894.34957
1518.20000,249.19002,894.50751
1518.30000,249.26536,894.66555
1518.40000,249.34071,894.82364
1518.50000,249.41607,894.98168
1518.60000,249.49143,895.13972
1518.70000,249.56681,895.29780
1518.80000,249.64220,895.45590
1518.90000,249.71760,895.61398
1519.00000,249.79301,895.77197
1519.10000,249.86843,895.93002
1519.20000,249.94387,896.08819
1519.30000,250.01931,896.24620
1519.40000,250.09476,896.40431
1519.50000,250.17022,896.56246
1519.60000,250.24570,896.72051
1519.70000,250.32118,896.87861
1519.80000,250.39667,897.03667
1519.90000,250.47218,897.19495
1520.00000,250.54769,897.35296
1520.10000,250.62322,897.51114
1520.20000,250.69875,897.66938
1520.30000,250.77430,897.82739
1520.40000,250.84985,897.98544
1520.50000,250.92542,898.14362
1520.60000,251.00100,898.30178
1520.70000,251.07658,898.46006
1520.80000,251.15218,898.61834
1520.90000,251.22779,898.77662
1521.00000,251.30341,898.93476
1521.10000,251.37904,899.09293
1521.20000,251.45468,899.25114
1521.30000,251.53033,899.40921
1521.40000,251.60599,899.56729
1521.50000,251.68166,899.72564
1521.60000,251.75734,899.88399
1521.70000,251.83303,900.04224
1521.80000,251.90873,900.20056
1521.90000,251.98444,900.35878
1522.00000,252.06017,900.51695
1522.10000,252.13590,900.67509
1522.20000,252.21164,900.83331
1522.30000,252.28740,900.99143
1522.40000,252.36316,901.14963
1522.50000,252.43894,901.30803
1522.60000,252.51472,901.46640
1522.70000,252.59052,901.62474
1522.80000,252.66632,901.78311
1522.90000,252.74214,901.94146
1523.00000,252.81797,902.09969
1523.10000,252.89380,902.25807
1523.20000,252.96965,902.41636
1523.30000,253.04551,902.57464
1523.40000,253.12138,902.73292
1523.50000,253.19725,902.89130
1523.60000,253.27314,903.04976
1523.70000,253.34904,903.20808
1523.80000,253.42495,903.36637
1523.90000,253.50087,903.52475
1524.00000,253.57680,903.68312
1524.10000,253.65274,903.84151
1524.20000,253.72869,903.99983
1524.30000,253.80466,904.15823
1524.40000,253.88063,904.31662
1524.50000,253.95661,904.47501
1524.60000,254.03260,904.63346
1524.70000,254.10861,904.79177
1524.80000,254.18462,904.95025
1524.90000,254.26064,905.10864
1525.00000,254.33668,905.26709
1525.10000,254.41272,905.42544
1525.20000,254.48878,905.58386
1525.30000,254.56484,905.74236
1525.40000,254.64092,905.90081
1525.50000,254.71701,906.05933
1525.60000,254.79310,906.21783
1525.70000,254.86921,906.37628
1525.80000,254.94533,906.53479
1525.90000,255.02146,906.69312
1526.00000,255.09759,906.85155
1526.10000,255.17374,907.00995
1526.20000,255.24990,907.16849
1526.30000,255.32607,907.32705
1526.40000,255.40225,907.48557
1526.50000,255.47844,907.64417
1526.60000,255.55464,907.80278
1526.70000,255.63085,907.96137
1526.80000,255.70707,908.11987
1526.90000,255.78331,908.27843
1527.00000,255.85955,908.43695
1527.10000,255.93580,908.59551
1527.20000,256.01206,908.75416
1527.30000,256.08834,908.91263
1527.40000,256.16462,909.07130
1527.50000,256.24091,909.22998
1527.60000,256.31722,909.38860
1527.70000,256.39353,909.54726
1527.80000,256.46986,909.70587
1527.90000,256.54619,909.86450
1528.00000,256.62254,910.02294
1528.10000,256.69890,910.18151
1528.20000,256.77526,910.33995
1528.30000,256.85164,910.49849
1528.40000,256.92803,910.65720
1528.50000,257.00443,910.81593
1528.60000,257.08083,910.97460
1528.70000,257.15725,911.13336
1528.80000,257.23368,911.29207
1528.90000,257.31012,911.45068
1529.00000,257.38657,911.60937
1529.10000,257.46303,911.76811
1529.20000,257.53950,911.92673
1529.30000,257.61598,912.08539
1529.40000,257.69247,912.24408
1529.50000,257.76897,912.40280
1529.60000,257.84549,912.56147
1529.70000,257.92201,912.72003
1529.80000,257.99854,912.87872
1529.90000,258.07508,913.03746
1530.00000,258.15164,913.19634
1530.10000,258.22820,913.35512
1530.20000,258.30478,913.51388
1530.30000,258.38136,913.67274
1530.40000,258.45796,913.83154
1530.50000,258.53456,913.99037
1530.60000,258.61118,914.14902
1530.70000,258.68780,914.30773
1530.80000,258.76444,914.46641
1530.90000,258.84109,914.62522
1531.00000,258.91774,914.78402
1531.10000,258.99441,914.94272
1531.20000,259.07109,915.10149
1531.30000,259.14778,915.26039
1531.40000,259.22448,915.41914
1531.50000,259.30119,915.57805
1531.60000,259.37791,915.73686
1531.70000,259.45464,915.89584
1531.80000,259.53138,916.05470
1531.90000,259.60813,916.21366
1532.00000,259.68489,916.37252
1532.10000,259.76166,916.53123
1532.20000,259.83844,916.69008
1532.30000,259.91523,916.84883
1532.40000,259.99203,917.00762
1532.50000,260.06885,917.16652
1532.60000,260.14567,917.32546
1532.70000,260.22250,917.48437
1532.80000,260.29935,917.64341
1532.90000,260.37620,917.80243
1533.00000,260.45307,917.96136
1533.10000,260.52994,918.12021
1533.20000,260.60683,918.27926
1533.30000,260.68372,918.43812
1533.40000,260.76063,918.59718
1533.50000,260.83755,918.75621
1533.60000,260.91447,918.91510
1533.70000,260.99141,919.07398
1533.80000,261.06836,919.23305
1533.90000,261.14531,919.39204
1534.00000,261.22228,919.55104
1534.10000,261.29926,919.70988
1534.20000,261.37625,919.86892
1534.30000,261.45325,920.02787
1534.40000,261.53026,920.18700
1534.50000,261.60728,920.34605
1534.60000,261.68431,920.50494
1534.70000,261.76135,920.66392
1534.80000,261.83840,920.82300
1534.90000,261.91546,920.98198
1535.00000,261.99254,921.14114
1535.10000,262.06962,921.29999
1535.20000,262.14671,921.45915
1535.30000,262.22381,921.61814
1535.40000,262.30093,921.77729
1535.50000,262.37805,921.93641
1535.60000,262.45518,922.09532
1535.70000,262.53233,922.25442
1535.80000,262.60948,922.41343
1535.90000,262.68665,922.57250
1536.00000,262.76382,922.73181
1536.10000,262.84101,922.89082
1536.20000,262.91821,923.05002
1536.30000,262.99541,923.20908
1536.40000,263.07263,923.36831
1536.50000,263.14986,923.52746
1536.60000,263.22710,923.68657
1536.70000,263.30434,923.84561
1536.80000,263.38160,924.00469
1536.90000,263.45887,924.16397
1537.00000,263.53615,924.32318
1537.10000,263.61344,924.48229
1537.20000,263.69074,924.64135
1537.30000,263.76805,924.80052
1537.40000,263.84537,924.95979
1537.50000,263.92270,925.11897
1537.60000,264.00004,925.27822
1537.70000,264.07739,925.43739
1537.80000,264.15476,925.59665
1537.90000,264.23213,925.75588
1538.00000,264.30951,925.91508
1538.10000,264.38690,926.07435
1538.20000,264.46431,926.23352
1538.30000,264.54172,926.39282
1538.40000,264.61914,926.55217
1538.50000,264.69658,926.71130
1538.60000,264.77402,926.87060
1538.70000,264.85148,927.02992
1538.80000,264.92894,927.18916
1538.90000,265.00642,927.34840
1539.00000,265.08391,927.50770
1539.10000,265.16140,927.66704
1539.20000,265.23891,927.82639
1539.30000,265.31643,927.98573
1539.40000,265.39395,928.14505
1539.50000,265.47149,928.30422
1539.60000,265.54904,928.46357
1539.70000,265.62660,928.62293
1539.80000,265.70417,928.78226
1539.90000,265.78175,928.94153
1540.00000,265.85934,929.10088
1540.10000,265.93694,929.26023
1540.20000,266.01455,929.41963
1540.30000,266.09217,929.57896
1540.40000,266.16980,929.73838
1540.50000,266.24744,929.89775
1540.60000,266.32509,930.05711
1540.70000,266.40275,930.21662
1540.80000,266.48043,930.37603
1540.90000,266.55811,930.53554
1541.00000,266.63580,930.69491
1541.10000,266.71351,930.85429
1541.20000,266.79122,931.01361
1541.30000,266.86894,931.17307
1541.40000,266.94668,931.33248
1541.50000,267.02442,931.49189
1541.60000,267.10218,931.65124
1541.70000,267.17994,931.81074
1541.80000,267.25772,931.97017
1541.90000,267.33551,932.12987
1542.00000,267.41330,932.28926
1542.10000,267.49111,932.44873
1542.20000,267.56893,932.60820
1542.30000,267.64675,932.76777
1542.40000,267.72459,932.92717
1542.50000,267.80244,933.08675
1542.60000,267.88030,933.24609
1542.70000,267.95817,933.40559
1542.80000,268.03605,933.56515
1542.90000,268.11394,933.72493
1543.00000,268.19184,933.88437
1543.10000,268.26975,934.04404
1543.20000,268.34767,934.20360
1543.30000,268.42560,934.36329
1543.40000,268.50354,934.52282
1543.50000,268.58149,934.68254
1543.60000,268.65945,934.84197
1543.70000,268.73743,935.00165
1543.80000,268.81541,935.16125
1543.90000,268.89340,935.32077
1544.00000,268.97140,935.48022
1544.10000,269.04942,935.63980
1544.20000,269.12744,935.79931
1544.30000,269.20548,935.95912
1544.40000,269.28352,936.11870
1544.50000,269.36158,936.27852
1544.60000,269.43964,936.43826
1544.70000,269.51772,936.59810
1544.80000,269.59580,936.75776
1544.90000,269.67390,936.91739
1545.00000,269.75201,937.07696
1545.10000,269.83012,937.23649
1545.20000,269.90825,937.39615
1545.30000,269.98639,937.55579
1545.40000,270.06454,937.71536
1545.50000,270.14269,937.87502
1545.60000,270.22086,938.03483
1545.70000,270.29904,938.19458
1545.80000,270.37723,938.35424
1545.90000,270.45543,938.51398
1546.00000,270.53364,938.67358
1546.10000,270.61186,938.83330
1546.20000,270.69009,938.99309
1546.30000,270.76833,939.15278
1546.40000,270.84659,939.31257
1546.50000,270.92485,939.47233
1546.60000,271.00312,939.63217
1546.70000,271.08140,939.79201
1546.80000,271.15969,939.95178
1546.90000,271.23800,940.11159
1547.00000,271.31631,940.27133
1547.10000,271.39463,940.43107
1547.20000,271.47297,940.59086
1547.30000,271.55131,940.75063
1547.40000,271.62967,940.91046
1547.50000,271.70803,941.07025
1547.60000,271.78641,941.23012
1547.70000,271.86479,941.39015
1547.80000,271.94319,941.55004
1547.90000,272.02160,941.70988
1548.00000,272.10001,941.86971
1548.10000,272.17844,942.02948
1548.20000,272.25688,942.18925
1548.30000,272.33532,942.34904
1548.40000,272.41378,942.50891
1548.50000,272.49225,942.66880
1548.60000,272.57073,942.82878
1548.70000,272.64922,942.98887
1548.80000,272.72772,943.14882
1548.90000,272.80623,943.30871
1549.00000,272.88475,943.46864
1549.10000,272.96328,943.62850
1549.20000,273.04182,943.78833
1549.30000,273.12037,943.94822
1549.40000,273.19893,944.10821
1549.50000,273.27750,944.26811
1549.60000,273.35608,944.42812
1549.70000,273.43467,944.58812
1549.80000,273.51328,944.74808
1549.90000,273.59189,944.90801
1550.00000,273.67051,945.06799
1550.10000,273.74915,945.22791
1550.20000,273.82779,945.38788
1550.30000,273.90644,945.54787
1550.40000,273.98511,945.70792
1550.50000,274.06378,945.86802
1550.60000,274.14247,946.02812
1550.70000,274.22116,946.18810
1550.80000,274.29987,946.34810
1550.90000,274.37859,946.50809
1551.00000,274.45731,946.66796
1551.10000,274.53605,946.82795
1551.20000,274.61480,946.98806
1551.30000,274.69355,947.14814
1551.40000,274.77232,947.30834
1551.50000,274.85110,947.46864
1551.60000,274.92989,947.62873
1551.70000,275.00869,947.78881
1551.80000,275.08749,947.94894
1551.90000,275.16631,948.10893
1552.00000,275.24514,948.26896
1552.10000,275.32398,948.42922
1552.20000,275.40283,948.58931
1552.30000,275.48169,948.74947
1552.40000,275.56056,948.90964
1552.50000,275.63945,949.06972
1552.60000,275.71834,949.22982
1552.70000,275.79724,949.39000
1552.80000,275.87615,949.55025
1552.90000,275.95507,949.71032
1553.00000,276.03401,949.87060
1553.10000,276.11295,950.03077
1553.20000,276.19190,950.19082
1553.30000,276.27087,950.35103
1553.40000,276.34984,950.51122
1553.50000,276.42882,950.67144
1553.60000,276.50782,950.83175
1553.70000,276.58682,950.99200
1553.80000,276.66584,951.15228
1553.90000,276.74486,951.31243
1554.00000,276.82390,951.47264
1554.10000,276.90295,951.63281
1554.20000,276.98200,951.79310
1554.30000,277.06107,951.95329
1554.40000,277.14015,952.11357
1554.50000,277.21923,952.27384
1554.60000,277.29833,952.43423
1554.70000,277.37744,952.59448
1554.80000,277.45656,952.75480
1554.90000,277.53569,952.91507
1555.00000,277.61482,953.07540
1555.10000,277.69397,953.23574
1555.20000,277.77313,953.39620
1555.30000,277.85230,953.55649
1555.40000,277.93148,953.71695
1555.50000,278.01067,953.87733
1555.60000,278.08987,954.03782
1555.70000,278.16909,954.19801
1555.80000,278.24831,954.35832
1555.90000,278.32754,954.51861
1556.00000,278.40678,954.67886
1556.10000,278.48603,954.83914
1556.20000,278.56530,954.99952
1556.30000,278.64457,955.15996
1556.40000,278.72385,955.32036
1556.50000,278.80314,955.48084
1556.60000,278.88245,955.64120
1556.70000,278.96176,955.80147
1556.80000,279.04109,955.96189
1556.90000,279.12042,956.12236
1557.00000,279.19977,956.28288
1557.10000,279.27912,956.44338
1557.20000,279.35849,956.60392
1557.30000,279.43786,956.76442
1557.40000,279.51725,956.92478
1557.50000,279.59665,957.08524
1557.60000,279.67605,957.24555
1557.70000,279.75547,957.40587
1557.80000,279.83490,957.56635
1557.90000,279.91434,957.72691
1558.00000,279.99378,957.88742
1558.10000,280.07324,958.04798
1558.20000,280.15271,958.20873
1558.30000,280.23219,958.36924
1558.40000,280.31168,958.52978
1558.50000,280.39118,958.69029
1558.60000,280.47069,958.85081
1558.70000,280.55021,959.01133
1558.80000,280.62974,959.17185
1558.90000,280.70928,959.33241
1559.00000,280.78883,959.49288
1559.10000,280.86839,959.65352
1559.20000,280.94796,959.81415
1559.30000,281.02755,959.97472
1559.40000,281.10714,960.13531
1559.50000,281.18674,960.29594
1559.60000,281.26635,960.45660
1559.70000,281.34598,960.61725
1559.80000,281.42561,960.77791
1559.90000,281.50525,960.93861
1560.00000,281.58491,961.09924
1560.10000,281.66457,961.25987
1560.20000,281.74425,961.42038
1560.30000,281.82393,961.58105
1560.40000,281.90363,961.74146
1560.50000,281.98333,961.90212
1560.60000,282.06305,962.06284
1560.70000,282.14278,962.22352
1560.80000,282.22251,962.38418
1560.90000,282.30226,962.54497
1561.00000,282.38202,962.70566
1561.10000,282.46178,962.86631
1561.20000,282.54156,963.02709
1561.30000,282.62135,963.18783
1561.40000,282.70115,963.34843
1561.50000,282.78096,963.50916
1561.60000,282.86077,963.66995
1561.70000,282.94060,963.83067
1561.80000,283.02044,963.99133
1561.90000,283.10029,964.15218
1562.00000,283.18015,964.31293
1562.10000,283.26002,964.47374
1562.20000,283.33990,964.63469
1562.30000,283.41979,964.79537
1562.40000,283.49969,964.95617
1562.50000,283.57961,965.11692
1562.60000,283.65953,965.27773
1562.70000,283.73946,965.43849
1562.80000,283.81940,965.59928
1562.90000,283.89935,965.76008
1563.00000,283.97932,965.92087
1563.10000,284.05929,966.08172
1563.20000,284.13927,966.24252
1563.30000,284.21927,966.40325
1563.40000,284.29927,966.56418
1563.50000,284.37929,966.72505
1563.60000,284.45931,966.88589
1563.70000,284.53935,967.04675
1563.80000,284.61939,967.20769
1563.90000,284.69945,967.36854
1564.00000,284.77951,967.52958
1564.10000,284.85959,967.69056
1564.20000,284.93967,967.85137
1564.30000,285.01977,968.01228
1564.40000,285.09988,968.17326
1564.50000,285.18000,968.33412
1564.60000,285.26012,968.49494
1564.70000,285.34026,968.65585
1564.80000,285.42041,968.81677
1564.90000,285.50057,968.97767
1565.00000,285.58074,969.13878
1565.10000,285.66091,969.29971
1565.20000,285.74110,969.46058
1565.30000,285.82130,969.62156
1565.40000,285.90151,969.78258
1565.50000,285.98173,969.94355
1565.60000,286.06196,970.10448
1565.70000,286.14220,970.26557
1565.80000,286.22245,970.42656
1565.90000,286.30272,970.58748
1566.00000,286.38299,970.74854
1566.10000,286.46327,970.90955
1566.20000,286.54356,971.07059
1566.30000,286.62386,971.23168
1566.40000,286.70418,971.39281
1566.50000,286.78450,971.55393
1566.60000,286.86483,971.71502
1566.70000,286.94518,971.87621
1566.80000,287.02553,972.03715
1566.90000,287.10589,972.19811
1567.00000,287.18627,972.35923
1567.10000,287.26665,972.52023
1567.20000,287.34705,972.68138
1567.30000,287.42745,972.84251
1567.40000,287.50787,973.00357
1567.50000,287.58829,973.16468
1567.60000,287.66873,973.32587
1567.70000,287.74917,973.48701
1567.80000,287.82963,973.64810
1567.90000,287.91010,973.80931
1568.00000,287.99058,973.97052
1568.10000,288.07106,974.13155
1568.20000,288.15156,974.29278
1568.30000,288.23207,974.45403
1568.40000,288.31259,974.61515
1568.50000,288.39311,974.77633
1568.60000,288.47365,974.93747
1568.70000,288.55420,975.09858
1568.80000,288.63476,975.25987
1568.90000,288.71533,975.42100
1569.00000,288.79591,975.58215
1569.10000,288.87650,975.74333
1569.20000,288.95710,975.90465
1569.30000,289.03771,976.06590
1569.40000,289.11833,976.22718
1569.50000,289.19896,976.38846
1569.60000,289.27961,976.54967
1569.70000,289.36026,976.71107
1569.80000,289.44092,976.87230
1569.90000,289.52159,977.03352
1570.00000,289.60227,977.19486
1570.10000,289.68297,977.35613
1570.20000,289.76367,977.51737
1570.30000,289.84438,977.67860
1570.40000,289.92511,977.84006
1570.50000,290.00584,978.00134
1570.60000,290.08659,978.16273
1570.70000,290.16734,978.32407
1570.80000,290.24810,978.48529
1570.90000,290.32888,978.64672
1571.00000,290.40967,978.80803
1571.10000,290.49046,978.96939
1571.20000,290.57127,979.13066
1571.30000,290.65208,979.29207
1571.40000,290.73291,979.45347
1571.50000,290.81375,979.61471
1571.60000,290.89459,979.77607
1571.70000,290.97545,979.93741
1571.80000,291.05632,980.09899
1571.90000,291.13719,980.26037
1572.00000,291.21808,980.42187
1572.10000,291.29898,980.58344
1572.20000,291.37989,980.74486
1572.30000,291.46081,980.90632
1572.40000,291.54174,981.06780
1572.50000,291.62268,981.22918
1572.60000,291.70363,981.39058
1572.70000,291.78459,981.55206
1572.80000,291.86556,981.71354
1572.90000,291.94654,981.87492
1573.00000,292.02753,982.03658
1573.10000,292.10853,982.19809
1573.20000,292.18954,982.35959
1573.30000,292.27056,982.52104
1573.40000,292.35159,982.68245
1573.50000,292.43263,982.84388
1573.60000,292.51369,983.00533
1573.70000,292.59475,983.16693
1573.80000,292.67582,983.32849
1573.90000,292.75691,983.49004
1574.00000,292.83800,983.65169
1574.10000,292.91910,983.81317
1574.20000,293.00022,983.97479
1574.30000,293.08134,984.13630
1574.40000,293.16247,984.29787
1574.50000,293.24362,984.45953
1574.60000,293.32477,984.62125
1574.70000,293.40594,984.78288
1574.80000,293.48711,984.94453
1574.90000,293.56830,985.10612
1575.00000,293.64950,985.26770
1575.10000,293.73070,985.42917
1575.20000,293.81192,985.59073
1575.30000,293.89315,985.75231
1575.40000,293.97438,985.91396
1575.50000,294.05563,986.07556
1575.60000,294.13689,986.23734
1575.70000,294.21816,986.39890
1575.80000,294.29943,986.56077
1575.90000,294.38072,986.72252
1576.00000,294.46202,986.88428
1576.10000,294.54333,987.04590
1576.20000,294.62465,987.20755
1576.30000,294.70598,987.36928
1576.40000,294.78732,987.53085
1576.50000,294.86867,987.69262
1576.60000,294.95003,987.85441
1576.70000,295.03140,988.01611
1576.80000,295.11278,988.17791
1576.90000,295.19417,988.33975
1577.00000,295.27557,988.50155
1577.10000,295.35698,988.66318
1577.20000,295.43840,988.82491
1577.30000,295.51983,988.98674
1577.40000,295.60128,989.14843
1577.50000,295.68273,989.31027
1577.60000,295.76419,989.47203
1577.70000,295.84567,989.63378
1577.80000,295.92715,989.79561
1577.90000,296.00864,989.95747
1578.00000,296.09015,990.11923
1578.10000,296.17166,990.28103
1578.20000,296.25318,990.44296
1578.30000,296.33472,990.60491
1578.40000,296.41626,990.76676
1578.50000,296.49782,990.92857
1578.60000,296.57938,991.09032
1578.70000,296.66096,991.25220
1578.80000,296.74254,991.41401
1578.90000,296.82414,991.57588
1579.00000,296.90575,991.73770
1579.10000,296.98736,991.89969
1579.20000,297.06899,992.06164
1579.30000,297.15063,992.22361
1579.40000,297.23227,992.38547
1579.50000,297.31393,992.54732
1579.60000,297.39560,992.70917
1579.70000,297.47728,992.87116
1579.80000,297.55897,993.03298
1579.90000,297.64066,993.19492
1580.00000,297.72237,993.35677
1580.10000,297.80409,993.51881
1580.20000,297.88582,993.68080
1580.30000,297.96756,993.84293
1580.40000,298.04931,994.00489
1580.50000,298.13107,994.16702
1580.60000,298.21284,994.32904
1580.70000,298.29462,994.49114
1580.80000,298.37641,994.65302
1580.90000,298.45821,994.81494
1581.00000,298.54002,994.97698
1581.10000,298.62185,995.13889
1581.20000,298.70368,995.30092
1581.30000,298.78552,995.46304
1581.40000,298.86737,995.62508
1581.50000,298.94923,995.78716
1581.60000,299.03111,995.94915
1581.70000,299.11299,996.11128
1581.80000,299.19488,996.27334
1581.90000,299.27679,996.43544
1582.00000,299.35870,996.59749
1582.10000,299.44062,996.75947
1582.20000,299.52256,996.92162
1582.30000,299.60450,997.08383
1582.40000,299.68646,997.24586
1582.50000,299.76842,997.40795
1582.60000,299.85040,997.57000
1582.70000,299.93238,997.73217
1582.80000,300.01438,997.89438
1582.90000,300.09638,998.05647
1583.00000,300.17840,998.21852
1583.10000,300.26043,998.38069
1583.20000,300.34246,998.54293
1583.30000,300.42451,998.70519
1583.40000,300.50657,998.86729
1583.50000,300.58863,999.02947
1583.60000,300.67071,999.19166
1583.70000,300.75280,999.35386
1583.80000,300.83490,999.51609
1583.90000,300.91701,999.67825
1584.00000,300.99913,999.84039
1584.10000,301.08125,1000.00270
1584.20000,301.16339,1000.16500
1584.30000,301.24554,1000.32732
1584.40000,301.32770,1000.48964
1584.50000,301.40987,1000.65191
1584.60000,301.49205,1000.81429
1584.70000,301.57424,1000.97648
1584.80000,301.65644,1001.13881
1584.90000,301.73865,1001.30106
1585.00000,301.82087,1001.46320
1585.10000,301.90311,1001.62551
1585.20000,301.98535,1001.78781
1585.30000,302.06760,1001.95016
1585.40000,302.14986,1002.11255
1585.50000,302.23213,1002.27492
1585.60000,302.31442,1002.43734
1585.70000,302.39671,1002.59955
1585.80000,302.47901,1002.76189
1585.90000,302.56132,1002.92422
1586.00000,302.64365,1003.08638
1586.10000,302.72598,1003.24877
1586.20000,302.80833,1003.41112
1586.30000,302.89068,1003.57351
1586.40000,302.97304,1003.73589
1586.50000,303.05542,1003.89842
1586.60000,303.13780,1004.06079
1586.70000,303.22020,1004.22305
1586.80000,303.30260,1004.38554
1586.90000,303.38502,1004.54803
1587.00000,303.46744,1004.71037
1587.10000,303.54988,1004.87275
1587.20000,303.63233,1005.03522
1587.30000,303.71478,1005.19758
1587.40000,303.79725,1005.36004
1587.50000,303.87973,1005.52263
1587.60000,303.96221,1005.68511
1587.70000,304.04471,1005.84770
1587.80000,304.12722,1006.01039
1587.90000,304.20974,1006.17288
1588.00000,304.29226,1006.33530
1588.10000,304.37480,1006.49772
1588.20000,304.45735,1006.66023
1588.30000,304.53991,1006.82271
1588.40000,304.62248,1006.98506
1588.50000,304.70506,1007.14765
1588.60000,304.78765,1007.31013
1588.70000,304.87025,1007.47278
1588.80000,304.95286,1007.63529
1588.90000,305.03548,1007.79788
1589.00000,305.11811,1007.96036
1589.10000,305.20075,1008.12287
1589.20000,305.28340,1008.28550
1589.30000,305.36606,1008.44819
1589.40000,305.44873,1008.61057
1589.50000,305.53141,1008.77324
1589.60000,305.61411,1008.93574
1589.70000,305.69681,1009.09850
1589.80000,305.77952,1009.26105
1589.90000,305.86224,1009.42378
1590.00000,305.94498,1009.58637
1590.10000,306.02772,1009.74902
1590.20000,306.11047,1009.91181
1590.30000,306.19323,1010.07454
1590.40000,306.27601,1010.23712
1590.50000,306.35879,1010.39978
1590.60000,306.44159,1010.56236
1590.70000,306.52439,1010.72507
1590.80000,306.60720,1010.88776
1590.90000,306.69003,1011.05038
1591.00000,306.77286,1011.21308
1591.10000,306.85571,1011.37574
1591.20000,306.93857,1011.53853
1591.30000,307.02143,1011.70123
1591.40000,307.10431,1011.86390
1591.50000,307.18719,1012.02678
1591.60000,307.27009,1012.18948
1591.70000,307.35300,1012.35231
1591.80000,307.43591,1012.51511
1591.90000,307.51884,1012.67779
1592.00000,307.60178,1012.84057
1592.10000,307.68472,1013.00325
1592.20000,307.76768,1013.16597
1592.30000,307.85065,1013.32865
1592.40000,307.93363,1013.49149
1592.50000,308.01662,1013.65444
1592.60000,308.09961,1013.81720
1592.70000,308.18262,1013.98010
1592.80000,308.26564,1014.14299
1592.90000,308.34867,1014.30575
1593.00000,308.43171,1014.46859
1593.10000,308.51476,1014.63140
1593.20000,308.59782,1014.79423
1593.30000,308.68089,1014.95706
1593.40000,308.76397,1015.11998
1593.50000,308.84706,1015.28275
1593.60000,308.93016,1015.44562
1593.70000,309.01327,1015.60850
1593.80000,309.09640,1015.77146
1593.90000,309.17953,1015.93424
1594.00000,309.26267,1016.09717
1594.10000,309.34582,1016.26012
1594.20000,309.42898,1016.42306
1594.30000,309.51215,1016.58598
1594.40000,309.59534,1016.74890
1594.50000,309.67853,1016.91183
1594.60000,309.76173,1017.07482
1594.70000,309.84495,1017.23777
1594.80000,309.92817,1017.40073
1594.90000,310.01140,1017.56359
1595.00000,310.09465,1017.72654
1595.10000,310.17790,1017.88949
1595.20000,310.26117,1018.05237
1595.30000,310.34444,1018.21535
1595.40000,310.42772,1018.37841
1595.50000,310.51102,1018.54154
1595.60000,310.59432,1018.70461
1595.70000,310.67764,1018.86771
1595.80000,310.76097,1019.03074
1595.90000,310.84430,1019.19374
1596.00000,310.92765,1019.35687
1596.10000,311.01100,1019.51978
1596.20000,311.09437,1019.68287
1596.30000,311.17775,1019.84591
1596.40000,311.26113,1020.00914
1596.50000,311.34453,1020.17216
1596.60000,311.42794,1020.33519
1596.70000,311.51136,1020.49836
1596.80000,311.59478,1020.66136
1596.90000,311.67822,1020.82435
1597.00000,311.76167,1020.98748
1597.10000,311.84513,1021.15049
1597.20000,311.92860,1021.31371
1597.30000,312.01208,1021.47681
1597.40000,312.09556,1021.64010
1597.50000,312.17906,1021.80321
1597.60000,312.26257,1021.96649
1597.70000,312.34609,1022.12977
1597.80000,312.42962,1022.29287
1597.90000,312.51316,1022.45603
1598.00000,312.59671,1022.61911
1598.10000,312.68027,1022.78227
1598.20000,312.76384,1022.94541
1598.30000,312.84743,1023.10845
1598.40000,312.93102,1023.27174
1598.50000,313.01462,1023.43492
1598.60000,313.09823,1023.59821
1598.70000,313.18185,1023.76144
1598.80000,313.26548,1023.92473
1598.90000,313.34913,1024.08804
1599.00000,313.43278,1024.25119
1599.10000,313.51644,1024.41458
1599.20000,313.60011,1024.57774
1599.30000,313.68380,1024.74096
1599.40000,313.76749,1024.90434
1599.50000,313.85119,1025.06761
1599.60000,313.93491,1025.23092
1599.70000,314.01863,1025.39420
1599.80000,314.10237,1025.55751
1599.90000,314.18611,1025.72074
1600.00000,314.26986,1025.88396
1600.10000,314.35363,1026.04732
1600.20000,314.43740,1026.21052
1600.30000,314.52119,1026.37377
1600.40000,314.60498,1026.53716
1600.50000,314.68879,1026.70066
1600.60000,314.77261,1026.86406
1600.70000,314.85643,1027.02741
1600.80000,314.94027,1027.19085
1600.90000,315.02411,1027.35431
1601.00000,315.10797,1027.51768
1601.10000,315.19184,1027.68116
1601.20000,315.27571,1027.84444
1601.30000,315.35960,1028.00777
1601.40000,315.44350,1028.17121
1601.50000,315.52741,1028.33463
1601.60000,315.61132,1028.49804
1601.70000,315.69525,1028.66144
1601.80000,315.77919,1028.82492
1601.90000,315.86314,1028.98854
1602.00000,315.94710,1029.15184
1602.10000,316.03107,1029.31535
1602.20000,316.11505,1029.47873
1602.30000,316.19903,1029.64226
1602.40000,316.28303,1029.80571
1602.50000,316.36704,1029.96921
1602.60000,316.45106,1030.13266
1602.70000,316.53509,1030.29618
1602.80000,316.61913,1030.45968
1602.90000,316.70318,1030.62328
1603.00000,316.78724,1030.78673
1603.10000,316.87132,1030.95034
1603.20000,316.95540,1031.11399
1603.30000,317.03949,1031.27754
1603.40000,317.12359,1031.44116
1603.50000,317.20770,1031.60471
1603.60000,317.29182,1031.76822
1603.70000,317.37596,1031.93178
1603.80000,317.46010,1032.09539
1603.90000,317.54425,1032.25900
1604.00000,317.62841,1032.42264
1604.10000,317.71259,1032.58632
1604.20000,317.79677,1032.74996
1604.30000,317.88096,1032.91349
1604.40000,317.96517,1033.07716
1604.50000,318.04938,1033.24070
1604.60000,318.13360,1033.40430
1604.70000,318.21784,1033.56788
1604.80000,318.30208,1033.73164
1604.90000,318.38634,1033.89528
1605.00000,318.47060,1034.05902
1605.10000,318.55487,1034.22263
1605.20000,318.63916,1034.38625
1605.30000,318.72346,1034.54997
1605.40000,318.80776,1034.71369
1605.50000,318.89208,1034.87740
1605.60000,318.97640,1035.04107
1605.70000,319.06074,1035.20479
1605.80000,319.14508,1035.36861
1605.90000,319.22944,1035.53239
1606.00000,319.31381,1035.69616
1606.10000,319.39818,1035.85983
1606.20000,319.48257,1036.02355
1606.30000,319.56697,1036.18737
1606.40000,319.65138,1036.35116
1606.50000,319.73579,1036.51504
1606.60000,319.82022,1036.67872
1606.70000,319.90466,1036.84259
1606.80000,319.98911,1037.00630
1606.90000,320.07357,1037.17007
1607.00000,320.15803,1037.33367
1607.10000,320.24251,1037.49747
1607.20000,320.32700,1037.66120
1607.30000,320.41150,1037.82501
1607.40000,320.49601,1037.98878
1607.50000,320.58053,1038.15272
1607.60000,320.66506,1038.31649
1607.70000,320.74960,1038.48046
1607.80000,320.83415,1038.64421
1607.90000,320.91871,1038.80818
1608.00000,321.00328,1038.97195
1608.10000,321.08786,1039.13592
1608.20000,321.17245,1039.29978
1608.30000,321.25705,1039.46368
1608.40000,321.34166,1039.62753
1608.50000,321.42629,1039.79154
1608.60000,321.51092,1039.95554
1608.70000,321.59556,1040.11949
1608.80000,321.68021,1040.28343
1608.90000,321.76487,1040.44745
1609.00000,321.84955,1040.61128
1609.10000,321.93423,1040.77526
1609.20000,322.01892,1040.93908
1609.30000,322.10362,1041.10313
1609.40000,322.18834,1041.26709
1609.50000,322.27306,1041.43115
1609.60000,322.35779,1041.59535
1609.70000,322.44254,1041.75929
1609.80000,322.52729,1041.92333
1609.90000,322.61206,1042.08730
1610.00000,322.69683,1042.25122
1610.10000,322.78161,1042.41524
1610.20000,322.86641,1042.57909
1610.30000,322.95121,1042.74329
1610.40000,323.03603,1042.90727
1610.50000,323.12085,1043.07137
1610.60000,323.20569,1043.23552
1610.70000,323.29054,1043.39949
1610.80000,323.37539,1043.56354
1610.90000,323.46026,1043.72763
1611.00000,323.54513,1043.89170
1611.10000,323.63002,1044.05573
1611.20000,323.71492,1044.21984
1611.30000,323.79982,1044.38412
1611.40000,323.88474,1044.54813
1611.50000,323.96967,1044.71236
1611.60000,324.05460,1044.87647
1611.70000,324.13955,1045.04061
1611.80000,324.22451,1045.20472
1611.90000,324.30948,1045.36883
1612.00000,324.39445,1045.53294
1612.10000,324.47944,1045.69709
1612.20000,324.56444,1045.86129
1612.30000,324.64945,1046.02545
1612.40000,324.73447,1046.18971
1612.50000,324.81950,1046.35401
1612.60000,324.90454,1046.51815
1612.70000,324.98959,1046.68232
1612.80000,325.07465,1046.84640
1612.90000,325.15971,1047.01052
1613.00000,325.24479,1047.17472
1613.10000,325.32988,1047.33889
1613.20000,325.41498,1047.50294
1613.30000,325.50010,1047.66719
1613.40000,325.58522,1047.83163
1613.50000,325.67035,1047.99600
1613.60000,325.75549,1048.16027
1613.70000,325.84064,1048.32466
1613.80000,325.92580,1048.48908
1613.90000,326.01097,1048.65345
1614.00000,326.09615,1048.81778
1614.10000,326.18134,1048.98199
1614.20000,326.26655,1049.14627
1614.30000,326.35176,1049.31059
1614.40000,326.43698,1049.47497
1614.50000,326.52221,1049.63927
1614.60000,326.60746,1049.80363
1614.70000,326.69271,1049.96795
1614.80000,326.77797,1050.13224
1614.90000,326.86325,1050.29649
1615.00000,326.94853,1050.46089
1615.10000,327.03382,1050.62526
1615.20000,327.11913,1050.78974
1615.30000,327.20444,1050.95416
1615.40000,327.28976,1051.11860
1615.50000,327.37510,1051.28292
1615.60000,327.46044,1051.44741
1615.70000,327.54580,1051.61166
1615.80000,327.63116,1051.77587
1615.90000,327.71654,1051.94025
1616.00000,327.80192,1052.10470
1616.10000,327.88732,1052.26915
1616.20000,327.97272,1052.43363
1616.30000,328.05814,1052.59814
1616.40000,328.14357,1052.76267
1616.50000,328.22900,1052.92720
1616.60000,328.31445,1053.09171
1616.70000,328.39990,1053.25624
1616.80000,328.48537,1053.42062
1616.90000,328.57085,1053.58519
1617.00000,328.65633,1053.74963
1617.10000,328.74183,1053.91416
1617.20000,328.82734,1054.07881
1617.30000,328.91286,1054.24336
1617.40000,328.99838,1054.40787
1617.50000,329.08392,1054.57260
1617.60000,329.16947,1054.73716
1617.70000,329.25503,1054.90177
1617.80000,329.34060,1055.06626
1617.90000,329.42617,1055.23084
1618.00000,329.51176,1055.39536
1618.10000,329.59736,1055.55996
1618.20000,329.68297,1055.72454
1618.30000,329.76859,1055.88906
1618.40000,329.85422,1056.05368
1618.50000,329.93986,1056.21853
1618.60000,330.02551,1056.38315
1618.70000,330.11117,1056.54784
1618.80000,330.19684,1056.71234
1618.90000,330.28252,1056.87701
1619.00000,330.36821,1057.04160
1619.10000,330.45391,1057.20617
1619.20000,330.53962,1057.37077
1619.30000,330.62534,1057.53548
1619.40000,330.71107,1057.70020
1619.50000,330.79681,1057.86485
1619.60000,330.88257,1058.02954
1619.70000,330.96833,1058.19433
1619.80000,331.05410,1058.35893
1619.90000,331.13988,1058.52374
1620.00000,331.22567,1058.68839
1620.10000,331.31148,1058.85326
1620.20000,331.39729,1059.01810
1620.30000,331.48311,1059.18286
1620.40000,331.56894,1059.34751
1620.50000,331.65479,1059.51220
1620.60000,331.74064,1059.67692
1620.70000,331.82650,1059.84183
1620.80000,331.91238,1060.00668
1620.90000,331.99826,1060.17150
1621.00000,332.08415,1060.33633
1621.10000,332.17006,1060.50107
1621.20000,332.25597,1060.66585
1621.30000,332.34190,1060.83046
1621.40000,332.42783,1060.99530
1621.50000,332.51377,1061.16015
1621.60000,332.59973,1061.32486
1621.70000,332.68569,1061.48983
1621.80000,332.77167,1061.65474
1621.90000,332.85765,1061.81963
1622.00000,332.94365,1061.98462
1622.10000,333.02966,1062.14929
1622.20000,333.11567,1062.31421
1622.30000,333.20170,1062.47917
1622.40000,333.28773,1062.64414
1622.50000,333.37378,1062.80887
1622.60000,333.45984,1062.97376
1622.70000,333.54590,1063.13858
1622.80000,333.63198,1063.30341
1622.90000,333.71807,1063.46836
1623.00000,333.80416,1063.63347
1623.10000,333.89027,1063.79840
1623.20000,333.97639,1063.96337
1623.30000,334.06251,1064.12848
1623.40000,334.14865,1064.29337
1623.50000,334.23480,1064.45823
1623.60000,334.32096,1064.62329
1623.70000,334.40713,1064.78811
1623.80000,334.49330,1064.95314
1623.90000,334.57949,1065.11823
1624.00000,334.66569,1065.28329
1624.10000,334.75190,1065.44821
1624.20000,334.83812,1065.61321
1624.30000,334.92435,1065.77836
1624.40000,335.01059,1065.94346
1624.50000,335.09684,1066.10844
1624.60000,335.18310,1066.27355
1624.70000,335.26937,1066.43857
1624.80000,335.35565,1066.60368
1624.90000,335.44194,1066.76877
1625.00000,335.52824,1066.93373
1625.10000,335.61455,1067.09870
1625.20000,335.70087,1067.26381
1625.30000,335.78720,1067.42902
1625.40000,335.87354,1067.59404
1625.50000,335.95989,1067.75921
1625.60000,336.04625,1067.92442
1625.70000,336.13262,1068.08951
1625.80000,336.21901,1068.25464
1625.90000,336.30540,1068.41987
1626.00000,336.39180,1068.58496
1626.10000,336.47821,1068.75006
1626.20000,336.56463,1068.91517
1626.30000,336.65107,1069.08033
1626.40000,336.73751,1069.24539
1626.50000,336.82396,1069.41065
1626.60000,336.91042,1069.57578
1626.70000,336.99690,1069.74104
1626.80000,337.08338,1069.90623
1626.90000,337.16987,1070.07147
1627.00000,337.25638,1070.23670
1627.10000,337.34289,1070.40198
1627.20000,337.42941,1070.56719
1627.30000,337.51595,1070.73244
1627.40000,337.60249,1070.89765
1627.50000,337.68905,1071.06294
1627.60000,337.77561,1071.22829
1627.70000,337.86218,1071.39368
1627.80000,337.94877,1071.55895
1627.90000,338.03536,1071.72425
1628.00000,338.12197,1071.88963
1628.10000,338.20858,1072.05505
1628.20000,338.29521,1072.22026
1628.30000,338.38184,1072.38550
1628.40000,338.46849,1072.55068
1628.50000,338.55515,1072.71592
1628.60000,338.64181,1072.88129
1628.70000,338.72849,1073.04655
1628.80000,338.81517,1073.21197
1628.90000,338.90187,1073.37728
1629.00000,338.98858,1073.54276
1629.10000,339.07529,1073.70822
1629.20000,339.16202,1073.87365
1629.30000,339.24876,1074.03907
1629.40000,339.33550,1074.20446
1629.50000,339.42226,1074.36987
1629.60000,339.50903,1074.53520
1629.70000,339.59581,1074.70060
1629.80000,339.68259,1074.86607
1629.90000,339.76939,1075.03151
1630.00000,339.85620,1075.19694
1630.10000,339.94302,1075.36236
1630.20000,340.02985,1075.52798
1630.30000,340.11668,1075.69340
1630.40000,340.20353,1075.85890
1630.50000,340.29039,1076.02421
1630.60000,340.37726,1076.18947
1630.70000,340.46414,1076.35501
1630.80000,340.55103,1076.52043
1630.90000,340.63793,1076.68601
1631.00000,340.72484,1076.85148
1631.10000,340.81176,1077.01712
1631.20000,340.89869,1077.18275
1631.30000,340.98563,1077.34817
1631.40000,341.07258,1077.51387
1631.50000,341.15954,1077.67926
1631.60000,341.24651,1077.84483
1631.70000,341.33349,1078.01032
1631.80000,341.42048,1078.17594
1631.90000,341.50748,1078.34155
1632.00000,341.59449,1078.50718
1632.10000,341.68151,1078.67280
1632.20000,341.76854,1078.83842
1632.30000,341.85558,1079.00387
1632.40000,341.94264,1079.16957
1632.50000,342.02970,1079.33512
1632.60000,342.11677,1079.50086
1632.70000,342.20385,1079.66650
1632.80000,342.29094,1079.83231
1632.90000,342.37805,1079.99788
1633.00000,342.46516,1080.16349
1633.10000,342.55228,1080.32917
1633.20000,342.63941,1080.49476
1633.30000,342.72656,1080.66029
1633.40000,342.81371,1080.82603
1633.50000,342.90087,1080.99178
1633.60000,342.98805,1081.15748
1633.70000,343.07523,1081.32316
1633.80000,343.16242,1081.48892
1633.90000,343.24963,1081.65462
1634.00000,343.33684,1081.82027
1634.10000,343.42406,1081.98601
1634.20000,343.51130,1082.15181
1634.30000,343.59854,1082.31770
1634.40000,343.68580,1082.48341
1634.50000,343.77306,1082.64920
1634.60000,343.86034,1082.81495
1634.70000,343.94762,1082.98073
1634.80000,344.03492,1083.14664
1634.90000,344.12222,1083.31238
1635.00000,344.20954,1083.47814
1635.10000,344.29686,1083.64384
1635.20000,344.38420,1083.80977
1635.30000,344.47154,1083.97550
1635.40000,344.55890,1084.14119
1635.50000,344.64626,1084.30703
1635.60000,344.73364,1084.47286
1635.70000,344.82103,1084.63879
1635.80000,344.90842,1084.80469
1635.90000,344.99583,1084.97051
1636.00000,345.08325,1085.13645
1636.10000,345.17067,1085.30225
1636.20000,345.25811,1085.46809
1636.30000,345.34556,1085.63397
1636.40000,345.43301,1085.79987
1636.50000,345.52048,1085.96583
1636.60000,345.60796,1086.13183
1636.70000,345.69545,1086.29783
1636.80000,345.78295,1086.46367
1636.90000,345.87045,1086.62970
1637.00000,345.95797,1086.79571
1637.10000,346.04550,1086.96158
1637.20000,346.13304,1087.12745
1637.30000,346.22059,1087.29336
1637.40000,346.30814,1087.45929
1637.50000,346.39571,1087.62522
1637.60000,346.48329,1087.79120
1637.70000,346.57088,1087.95712
1637.80000,346.65848,1088.12307
1637.90000,346.74609,1088.28925
1638.00000,346.83371,1088.45536
1638.10000,346.92134,1088.62131
1638.20000,347.00898,1088.78738
1638.30000,347.09663,1088.95349
1638.40000,347.18429,1089.11957
1638.50000,347.27196,1089.28560
1638.60000,347.35964,1089.45174
1638.70000,347.44733,1089.61770
1638.80000,347.53503,1089.78376
1638.90000,347.62274,1089.94999
1639.00000,347.71046,1090.11597
1639.10000,347.79819,1090.28191
1639.20000,347.88593,1090.44805
1639.30000,347.97368,1090.61423
1639.40000,348.06144,1090.78033
1639.50000,348.14922,1090.94651
1639.60000,348.23700,1091.11265
1639.70000,348.32479,1091.27878
1639.80000,348.41259,1091.44504
1639.90000,348.50040,1091.61142
1640.00000,348.58823,1091.77743
1640.10000,348.67606,1091.94351
1640.20000,348.76390,1092.10978
1640.30000,348.85175,1092.27603
1640.40000,348.93962,1092.44202
1640.50000,349.02749,1092.60830
1640.60000,349.11537,1092.77443
1640.70000,349.20326,1092.94068
1640.80000,349.29117,1093.10695
1640.90000,349.37908,1093.27329
1641.00000,349.46700,1093.43957
1641.10000,349.55494,1093.60570
1641.20000,349.64288,1093.77203
1641.30000,349.73083,1093.93827
1641.40000,349.81880,1094.10433
1641.50000,349.90677,1094.27070
1641.60000,349.99476,1094.43682
1641.70000,350.08275,1094.60300
1641.80000,350.17076,1094.76925
1641.90000,350.25877,1094.93563
1642.00000,350.34679,1095.10196
1642.10000,350.43483,1095.26827
1642.20000,350.52287,1095.43474
1642.30000,350.61093,1095.60115
1642.40000,350.69899,1095.76751
1642.50000,350.78707,1095.93396
1642.60000,350.87516,1096.10021
1642.70000,350.96325,1096.26661
1642.80000,351.05136,1096.43287
1642.90000,351.13947,1096.59924
1643.00000,351.22760,1096.76548
1643.10000,351.31573,1096.93187
1643.20000,351.40388,1097.09817
1643.30000,351.49204,1097.26452
1643.40000,351.58020,1097.43085
1643.50000,351.66838,1097.59731
1643.60000,351.75657,1097.76359
1643.70000,351.84476,1097.93014
1643.80000,351.93297,1098.09651
1643.90000,352.02119,1098.26308
1644.00000,352.10942,1098.42940
1644.10000,352.19765,1098.59597
1644.20000,352.28590,1098.76254
1644.30000,352.37416,1098.92917
1644.40000,352.46243,1099.09567
1644.50000,352.55070,1099.26221
1644.60000,352.63899,1099.42857
1644.70000,352.72729,1099.59513
1644.80000,352.81560,1099.76158
1644.90000,352.90392,1099.92820
1645.00000,352.99224,1100.09458
1645.10000,353.08058,1100.26119
1645.20000,353.16893,1100.42792
1645.30000,353.25729,1100.59439
1645.40000,353.34566,1100.76087
1645.50000,353.43404,1100.92740
1645.60000,353.52243,1101.09401
1645.70000,353.61083,1101.26060
1645.80000,353.69924,1101.42720
1645.90000,353.78766,1101.59385
1646.00000,353.87609,1101.76038
1646.10000,353.96453,1101.92687
1646.20000,354.05298,1102.09357
1646.30000,354.14144,1102.26002
1646.40000,354.22991,1102.42669
1646.50000,354.31839,1102.59326
1646.60000,354.40688,1102.75996
1646.70000,354.49538,1102.92660
1646.80000,354.58389,1103.09343
1646.90000,354.67241,1103.26027
1647.00000,354.76094,1103.42691
1647.10000,354.84948,1103.59361
1647.20000,354.93803,1103.76040
1647.30000,355.02659,1103.92707
1647.40000,355.11517,1104.09371
1647.50000,355.20375,1104.26020
1647.60000,355.29234,1104.42688
1647.70000,355.38094,1104.59359
1647.80000,355.46955,1104.76041
1647.90000,355.55817,1104.92718
1648.00000,355.64681,1105.09390
1648.10000,355.73545,1105.26076
1648.20000,355.82410,1105.42756
1648.30000,355.91276,1105.59423
1648.40000,356.00144,1105.76103
1648.50000,356.09012,1105.92783
1648.60000,356.17881,1106.09458
1648.70000,356.26751,1106.26127
1648.80000,356.35623,1106.42805
1648.90000,356.44495,1106.59479
1649.00000,356.53368,1106.76164
1649.10000,356.62243,1106.92834
1649.20000,356.71118,1107.09521
1649.30000,356.79994,1107.26199
1649.40000,356.88872,1107.42895
1649.50000,356.97750,1107.59591
1649.60000,357.06630,1107.76279
1649.70000,357.15510,1107.92961
1649.80000,357.24391,1108.09650
1649.90000,357.33274,1108.26343
1650.00000,357.42157,1108.43029
1650.10000,357.51042,1108.59714
1650.20000,357.59927,1108.76421
1650.30000,357.68814,1108.93104
1650.40000,357.77701,1109.09799
1650.50000,357.86590,1109.26492
1650.60000,357.95479,1109.43195
1650.70000,358.04370,1109.59883
1650.80000,358.13261,1109.76586
1650.90000,358.22154,1109.93288
1651.00000,358.31047,1110.09982
1651.10000,358.39942,1110.26693
1651.20000,358.48838,1110.43401
1651.30000,358.57734,1110.60087
1651.40000,358.66632,1110.76769
1651.50000,358.75530,1110.93454
1651.60000,358.84430,1111.10175
1651.70000,358.93331,1111.26863
1651.80000,359.02232,1111.43577
1651.90000,359.11135,1111.60287
1652.00000,359.20039,1111.76994
1652.10000,359.28943,1111.93708
1652.20000,359.37849,1112.10407
1652.30000,359.46756,1112.27093
1652.40000,359.55663,1112.43790
1652.50000,359.64572,1112.60493
1652.60000,359.73482,1112.77214
1652.70000,359.82393,1112.93914
1652.80000,359.91304,1113.10645
1652.90000,360.00217,1113.27362
1653.00000,360.09131,1113.44075
1653.10000,360.18046,1113.60774
1653.20000,360.26962,1113.77498
1653.30000,360.35878,1113.94196
1653.40000,360.44796,1114.10899
1653.50000,360.53715,1114.27630
1653.60000,360.62635,1114.44399
1653.70000,360.71556,1114.61155
1653.80000,360.80478,1114.77939
1653.90000,360.89400,1114.94697
1654.00000,360.98324,1115.11453
1654.10000,361.07249,1115.28181
1654.20000,361.16175,1115.44929
1654.30000,361.25102,1115.61653
1654.40000,361.34030,1115.78384
1654.50000,361.42959,1115.95168
1654.60000,361.51889,1116.11981
1654.70000,361.60820,1116.28795
1654.80000,361.69752,1116.45666
1654.90000,361.78685,1116.62524
1655.00000,361.87619,1116.79420
1655.10000,361.96554,1116.96301
1655.20000,362.05490,1117.13195
1655.30000,362.14427,1117.30104
1655.40000,362.23365,1117.47000
1655.50000,362.32305,1117.63913
1655.60000,362.41245,1117.80839
1655.70000,362.50186,1117.97757
1655.80000,362.59128,1118.14704
1655.90000,362.68071,1118.31647
1656.00000,362.77016,1118.48609
1656.10000,362.85961,1118.65556
1656.20000,362.94907,1118.82527
1656.30000,363.03855,1118.99495
1656.40000,363.12803,1119.16463
1656.50000,363.21752,1119.33448
1656.60000,363.30703,1119.50434
1656.70000,363.39654,1119.67419
1656.80000,363.48607,1119.84424
1656.90000,363.57560,1120.01411
1657.00000,363.66515,1120.18413
1657.10000,363.75470,1120.35425
1657.20000,363.84427,1120.52438
1657.30000,363.93384,1120.69451
1657.40000,364.02343,1120.86469
1657.50000,364.11303,1121.03504
1657.60000,364.20263,1121.20537
1657.70000,364.29225,1121.37571
1657.80000,364.38188,1121.54614
1657.90000,364.47152,1121.71653
1658.00000,364.56116,1121.88705
1658.10000,364.65082,1122.05752
1658.20000,364.74049,1122.22783
1658.30000,364.83017,1122.39832
1658.40000,364.91986,1122.56880
1658.50000,365.00956,1122.73941
1658.60000,365.09927,1122.91004
1658.70000,365.18899,1123.08074
1658.80000,365.27872,1123.25165
1658.90000,365.36846,1123.42251
1659.00000,365.45821,1123.59329
1659.10000,365.54797,1123.76418
1659.20000,365.63774,1123.93509
1659.30000,365.72752,1124.10598
1659.40000,365.81731,1124.27688
1659.50000,365.90712,1124.44778
1659.60000,365.99693,1124.61870
1659.70000,366.08675,1124.78992
1659.80000,366.17658,1124.96100
1659.90000,366.26643,1125.13202
1660.00000,366.35628,1125.30300
1660.10000,366.44615,1125.47422
1660.20000,366.53602,1125.64546
1660.30000,366.62591,1125.81665
1660.40000,366.71580,1125.98779
1660.50000,366.80571,1126.15909
1660.60000,366.89562,1126.33036
1660.70000,366.98555,1126.50181
1660.80000,367.07548,1126.67316
1660.90000,367.16543,1126.84446
1661.00000,367.25539,1127.01582
1661.10000,367.34535,1127.18733
1661.20000,367.43533,1127.35882
1661.30000,367.52532,1127.53031
1661.40000,367.61532,1127.70173
1661.50000,367.70533,1127.87323
1661.60000,367.79535,1128.04471
1661.70000,367.88538,1128.21619
1661.80000,367.97541,1128.38790
1661.90000,368.06546,1128.55950
1662.00000,368.15552,1128.73117
1662.10000,368.24560,1128.90301
1662.20000,368.33568,1129.07470
1662.30000,368.42577,1129.24646
1662.40000,368.51587,1129.41825
1662.50000,368.60598,1129.59008
1662.60000,368.69610,1129.76184
1662.70000,368.78624,1129.93377
1662.80000,368.87638,1130.10580
1662.90000,368.96653,1130.27758
1663.00000,369.05669,1130.44937
1663.10000,369.14687,1130.62142
1663.20000,369.23705,1130.79324
1663.30000,369.32725,1130.96522
1663.40000,369.41745,1131.13734
1663.50000,369.50767,1131.30931
1663.60000,369.59789,1131.48137
1663.70000,369.68813,1131.65348
1663.80000,369.77838,1131.82553
1663.90000,369.86863,1131.99741
1664.00000,369.95890,1132.16954
1664.10000,370.04918,1132.34170
1664.20000,370.13946,1132.51384
1664.30000,370.22976,1132.68614
1664.40000,370.32007,1132.85845
1664.50000,370.41039,1133.03053
1664.60000,370.50072,1133.20288
1664.70000,370.59106,1133.37509
1664.80000,370.68141,1133.54731
1664.90000,370.77177,1133.71964
1665.00000,370.86214,1133.89215
1665.10000,370.95252,1134.06453
1665.20000,371.04291,1134.23712
1665.30000,371.13331,1134.40971
1665.40000,371.22372,1134.58209
1665.50000,371.31414,1134.75452
1665.60000,371.40458,1134.92696
1665.70000,371.49502,1135.09932
1665.80000,371.58547,1135.27177
1665.90000,371.67594,1135.44433
1666.00000,371.76641,1135.61686
1666.10000,371.85690,1135.78946
1666.20000,371.94739,1135.96208
1666.30000,372.03790,1136.13472
1666.40000,372.12841,1136.30736
1666.50000,372.21894,1136.48008
1666.60000,372.30947,1136.65270
1666.70000,372.40002,1136.82526
1666.80000,372.49058,1136.99801
1666.90000,372.58114,1137.17081
1667.00000,372.67172,1137.34362
1667.10000,372.76231,1137.51663
1667.20000,372.85291,1137.68929
1667.30000,372.94352,1137.86214
1667.40000,373.03413,1138.03487
1667.50000,373.12476,1138.20762
1667.60000,373.21540,1138.38036
1667.70000,373.30605,1138.55308
1667.80000,373.39671,1138.72597
1667.90000,373.48739,1138.89896
1668.00000,373.57807,1139.07194
1668.10000,373.66876,1139.24519
1668.20000,373.75946,1139.41802
1668.30000,373.85017,1139.59108
1668.40000,373.94090,1139.76408
1668.50000,374.03163,1139.93712
1668.60000,374.12237,1140.11004
1668.70000,374.21313,1140.28312
1668.80000,374.30389,1140.45617
1668.90000,374.39466,1140.62906
1669.00000,374.48545,1140.80220
1669.10000,374.57624,1140.97546
1669.20000,374.66705,1141.14860
1669.30000,374.75787,1141.32189
1669.40000,374.84869,1141.49518
1669.50000,374.93953,1141.66843
1669.60000,375.03038,1141.84161
1669.70000,375.12123,1142.01497
1669.80000,375.21210,1142.18827
1669.90000,375.30298,1142.36136
1670.00000,375.39387,1142.53460
1670.10000,375.48477,1142.70799
1670.20000,375.57568,1142.88127
1670.30000,375.66660,1143.05469
1670.40000,375.75753,1143.22796
1670.50000,375.84847,1143.40127
1670.60000,375.93942,1143.57456
1670.70000,376.03038,1143.74801
1670.80000,376.12135,1143.92148
1670.90000,376.21233,1144.09488
1671.00000,376.30333,1144.26845
1671.10000,376.39433,1144.44228
1671.20000,376.48534,1144.61564
1671.30000,376.57637,1144.78931
1671.40000,376.66740,1144.96275
1671.50000,376.75845,1145.13616
1671.60000,376.84950,1145.30970
1671.70000,376.94057,1145.48320
1671.80000,377.03164,1145.65683
1671.90000,377.12273,1145.83051
1672.00000,377.21382,1146.00425
1672.10000,377.30493,1146.17786
1672.20000,377.39605,1146.35138
1672.30000,377.48717,1146.52523
1672.40000,377.57831,1146.69888
1672.50000,377.66946,1146.87249
1672.60000,377.76062,1147.04638
1672.70000,377.85179,1147.22006
1672.80000,377.94297,1147.39397
1672.90000,378.03416,1147.56781
1673.00000,378.12536,1147.74172
1673.10000,378.21657,1147.91541
1673.20000,378.30779,1148.08923
1673.30000,378.39902,1148.26303
1673.40000,378.49026,1148.43672
1673.50000,378.58151,1148.61061
1673.60000,378.67278,1148.78461
1673.70000,378.76405,1148.95861
1673.80000,378.85533,1149.13258
1673.90000,378.94663,1149.30663
1674.00000,379.03793,1149.48075
1674.10000,379.12925,1149.65456
1674.20000,379.22057,1149.82852
1674.30000,379.31191,1150.00232
1674.40000,379.40325,1150.17619
1674.50000,379.49461,1150.35014
1674.60000,379.58597,1150.52422
1674.70000,379.67735,1150.69830
1674.80000,379.76874,1150.87239
1674.90000,379.86014,1151.04644
1675.00000,379.95154,1151.22050
1675.10000,380.04296,1151.39452
1675.20000,380.13439,1151.56878
1675.30000,380.22583,1151.74287
1675.40000,380.31728,1151.91705
1675.50000,380.40874,1152.09127
1675.60000,380.50021,1152.26544
1675.70000,380.59169,1152.43973
1675.80000,380.68318,1152.61413
1675.90000,380.77468,1152.78830
1676.00000,380.86620,1152.96256
1676.10000,380.95772,1153.13696
1676.20000,381.04925,1153.31136
1676.30000,381.14079,1153.48575
1676.40000,381.23235,1153.66020
1676.50000,381.32391,1153.83447
1676.60000,381.41549,1154.00870
1676.70000,381.50707,1154.18300
1676.80000,381.59867,1154.35728
1676.90000,381.69027,1154.53156
1677.00000,381.78189,1154.70589
1677.10000,381.87351,1154.88030
1677.20000,381.96515,1155.05472
1677.30000,382.05680,1155.22915
1677.40000,382.14846,1155.40371
1677.50000,382.24012,1155.57826
1677.60000,382.33180,1155.75280
1677.70000,382.42349,1155.92738
1677.80000,382.51519,1156.10206
1677.90000,382.60690,1156.27654
1678.00000,382.69862,1156.45116
1678.10000,382.79035,1156.62572
1678.20000,382.88209,1156.80016
1678.30000,382.97384,1156.97461
1678.40000,383.06560,1157.14915
1678.50000,383.15738,1157.32384
1678.60000,383.24916,1157.49845
1678.70000,383.34095,1157.67321
1678.80000,383.43275,1157.84795
1678.90000,383.52457,1158.02258
1679.00000,383.61639,1158.19739
1679.10000,383.70823,1158.37213
1679.20000,383.80007,1158.54679
1679.30000,383.89193,1158.72151
1679.40000,383.98379,1158.89624
1679.50000,384.07567,1159.07105
1679.60000,384.16755,1159.24574
1679.70000,384.25945,1159.42058
1679.80000,384.35136,1159.59532
1679.90000,384.44328,1159.77007
1680.00000,384.53520,1159.94489
1680.10000,384.62714,1160.11986
1680.20000,384.71909,1160.29477
1680.30000,384.81105,1160.46975
1680.40000,384.90302,1160.64468
1680.50000,384.99500,1160.81959
1680.60000,385.08699,1160.99442
1680.70000,385.17899,1161.16948
1680.80000,385.27100,1161.34426
1680.90000,385.36303,1161.51911
1681.00000,385.45506,1161.69416
1681.10000,385.54710,1161.86916
1681.20000,385.63915,1162.04412
1681.30000,385.73122,1162.21926
1681.40000,385.82329,1162.39430
1681.50000,385.91538,1162.56943
1681.60000,386.00747,1162.74454
1681.70000,386.09958,1162.91979
1681.80000,386.19169,1163.09475
1681.90000,386.28382,1163.26994
1682.00000,386.37595,1163.44515
1682.10000,386.46810,1163.62018
1682.20000,386.56026,1163.79532
1682.30000,386.65242,1163.97043
1682.40000,386.74460,1164.14554
1682.50000,386.83679,1164.32060
1682.60000,386.92899,1164.49578
1682.70000,387.02120,1164.67094
1682.80000,387.11342,1164.84609
1682.90000,387.20565,1165.02139
1683.00000,387.29789,1165.19670
1683.10000,387.39014,1165.37195
1683.20000,387.48240,1165.54722
1683.30000,387.57467,1165.72260
1683.40000,387.66695,1165.89784
1683.50000,387.75925,1166.07308
1683.60000,387.85155,1166.24858
1683.70000,387.94386,1166.42382
1683.80000,388.03619,1166.59914
1683.90000,388.12852,1166.77457
1684.00000,388.22087,1166.94998
1684.10000,388.31322,1167.12527
1684.20000,388.40559,1167.30080
1684.30000,388.49796,1167.47643
1684.40000,388.59035,1167.65185
1684.50000,388.68275,1167.82735
1684.60000,388.77515,1168.00275
1684.70000,388.86757,1168.17810
1684.80000,388.96000,1168.35350
1684.90000,389.05244,1168.52905
1685.00000,389.14488,1168.70453
1685.10000,389.23734,1168.87999
1685.20000,389.32981,1169.05557
1685.30000,389.42229,1169.23125
1685.40000,389.51478,1169.40684
1685.50000,389.60728,1169.58243
1685.60000,389.69980,1169.75800
1685.70000,389.79232,1169.93377
1685.80000,389.88485,1170.10938
1685.90000,389.97739,1170.28497
1686.00000,390.06995,1170.46058
1686.10000,390.16251,1170.63623
1686.20000,390.25508,1170.81188
1686.30000,390.34767,1170.98769
1686.40000,390.44026,1171.16329
1686.50000,390.53287,1171.33916
1686.60000,390.62548,1171.51499
1686.70000,390.71811,1171.69071
1686.80000,390.81074,1171.86638
1686.90000,390.90339,1172.04205
1687.00000,390.99605,1172.21791
1687.10000,391.08871,1172.39374
1687.20000,391.18139,1172.56951
1687.30000,391.27408,1172.74542
1687.40000,391.36678,1172.92123
1687.50000,391.45949,1173.09715
1687.60000,391.55221,1173.27299
1687.70000,391.64494,1173.44879
1687.80000,391.73768,1173.62467
1687.90000,391.83043,1173.80052
1688.00000,391.92319,1173.97633
1688.10000,392.01596,1174.15214
1688.20000,392.10875,1174.32801
1688.30000,392.20154,1174.50395
1688.40000,392.29434,1174.67987
1688.50000,392.38715,1174.85591
1688.60000,392.47998,1175.03187
1688.70000,392.57281,1175.20797
1688.80000,392.66566,1175.38400
1688.90000,392.75851,1175.55993
1689.00000,392.85138,1175.73580
1689.10000,392.94425,1175.91182
1689.20000,393.03714,1176.08779
1689.30000,393.13004,1176.26397
1689.40000,393.22294,1176.44004
1689.50000,393.31586,1176.61624
1689.60000,393.40879,1176.79222
1689.70000,393.50173,1176.96837
1689.80000,393.59468,1177.14463
1689.90000,393.68764,1177.32078
1690.00000,393.78061,1177.49690
1690.10000,393.87359,1177.67308
1690.20000,393.96658,1177.84934
1690.30000,394.05958,1178.02574
1690.40000,394.15259,1178.20182
1690.50000,394.24561,1178.37807
1690.60000,394.33864,1178.55424
1690.70000,394.43169,1178.73036
1690.80000,394.52474,1178.90682
1690.90000,394.61780,1179.08301
1691.00000,394.71088,1179.25934
1691.10000,394.80396,1179.43585
1691.20000,394.89706,1179.61217
1691.30000,394.99016,1179.78840
1691.40000,395.08328,1179.96462
1691.50000,395.17640,1180.14087
1691.60000,395.26954,1180.31697
1691.70000,395.36269,1180.49327
1691.80000,395.45584,1180.66963
1691.90000,395.54901,1180.84579
1692.00000,395.64219,1181.02233
1692.10000,395.73538,1181.19883
1692.20000,395.82858,1181.37520
1692.30000,395.92179,1181.55171
1692.40000,396.01501,1181.72833
1692.50000,396.10824,1181.90479
1692.60000,396.20148,1182.08127
1692.70000,396.29473,1182.25792
1692.80000,396.38799,1182.43446
1692.90000,396.48126,1182.61088
1693.00000,396.57455,1182.78748
1693.10000,396.66784,1182.96381
1693.20000,396.76114,1183.14036
1693.30000,396.85446,1183.31695
1693.40000,396.94778,1183.49353
1693.50000,397.04112,1183.67016
1693.60000,397.13446,1183.84685
1693.70000,397.22782,1184.02355
1693.80000,397.32118,1184.20037
1693.90000,397.41456,1184.37708
1694.00000,397.50795,1184.55364
1694.10000,397.60134,1184.73031
1694.20000,397.69475,1184.90690
1694.30000,397.78817,1185.08350
1694.40000,397.88160,1185.26013
1694.50000,397.97504,1185.43684
1694.60000,398.06849,1185.61350
1694.70000,398.16195,1185.79024
1694.80000,398.25542,1185.96711
1694.90000,398.34890,1186.14391
1695.00000,398.44239,1186.32056
1695.10000,398.53589,1186.49750
1695.20000,398.62940,1186.67417
1695.30000,398.72292,1186.85090
1695.40000,398.81646,1187.02768
1695.50000,398.91000,1187.20441
1695.60000,399.00355,1187.38118
1695.70000,399.09712,1187.55814
1695.80000,399.19069,1187.73512
1695.90000,399.28428,1187.91193
1696.00000,399.37787,1188.08879
1696.10000,399.47148,1188.26588
1696.20000,399.56509,1188.44283
1696.30000,399.65872,1188.61965
1696.40000,399.75236,1188.79672
1696.50000,399.84601,1188.97365
1696.60000,399.93966,1189.15059
1696.70000,400.03333,1189.32739
1696.80000,400.12701,1189.50434
1696.90000,400.22070,1189.68120
1697.00000,400.31440,1189.85828
1697.10000,400.40811,1190.03543
1697.20000,400.50183,1190.21258
1697.30000,400.59556,1190.38951
1697.40000,400.68930,1190.56669
1697.50000,400.78305,1190.74368
1697.60000,400.87682,1190.92067
1697.70000,400.97059,1191.09759
1697.80000,401.06437,1191.27470
1697.90000,401.15817,1191.45179
1698.00000,401.25197,1191.62900
1698.10000,401.34578,1191.80626
1698.20000,401.43961,1191.98353
1698.30000,401.53344,1192.16058
1698.40000,401.62729,1192.33778
1698.50000,401.72115,1192.51502
1698.60000,401.81501,1192.69235
1698.70000,401.90889,1192.86948
1698.80000,402.00278,1193.04671
1698.90000,402.09668,1193.22385
1699.00000,402.19058,1193.40107
1699.10000,402.28450,1193.57838
1699.20000,402.37843,1193.75560
1699.30000,402.47237,1193.93270
1699.40000,402.56632,1194.10994
1699.50000,402.66028,1194.28725
1699.60000,402.75425,1194.46463
1699.70000,402.84823,1194.64193
1699.80000,402.94223,1194.81933
1699.90000,403.03623,1194.99652
1700.00000,403.13024,1195.17397
1700.10000,403.22426,1195.35135
1700.20000,403.31830,1195.52876
1700.30000,403.41234,1195.70617
1700.40000,403.50640,1195.88359
1700.50000,403.60046,1196.06091
1700.60000,403.69454,1196.23829
1700.70000,403.78862,1196.41570
1700.80000,403.88272,1196.59316
1700.90000,403.97682,1196.77051
1701.00000,404.07094,1196.94799
1701.10000,404.16507,1197.12545
1701.20000,404.25921,1197.30307
1701.30000,404.35335,1197.48062
1701.40000,404.44751,1197.65807
1701.50000,404.54168,1197.83552
1701.60000,404.63586,1198.01304
1701.70000,404.73005,1198.19050
1701.80000,404.82425,1198.36814
1701.90000,404.91846,1198.54568
1702.00000,405.01268,1198.72341
1702.10000,405.10692,1198.90114
1702.20000,405.20116,1199.07872
1702.30000,405.29541,1199.25628
1702.40000,405.38967,1199.43391
1702.50000,405.48395,1199.61152
1702.60000,405.57823,1199.78897
1702.70000,405.67253,1199.96654
1702.80000,405.76683,1200.14423
1702.90000,405.86115,1200.32196
1703.00000,405.95547,1200.49976
1703.10000,406.04981,1200.67757
1703.20000,406.14415,1200.85520
1703.30000,406.23851,1201.03286
1703.40000,406.33288,1201.21058
1703.50000,406.42726,1201.38840
1703.60000,406.52165,1201.56609
1703.70000,406.61604,1201.74400
1703.80000,406.71045,1201.92185
1703.90000,406.80487,1202.09966
1704.00000,406.89930,1202.27751
1704.10000,406.99374,1202.45540
1704.20000,407.08819,1202.63320
1704.30000,407.18266,1202.81092
1704.40000,407.27713,1202.98879
1704.50000,407.37161,1203.16680
1704.60000,407.46610,1203.34469
1704.70000,407.56060,1203.52258
1704.80000,407.65512,1203.70048
1704.90000,407.74964,1203.87828
1705.00000,407.84418,1204.05611
1705.10000,407.93872,1204.23402
1705.20000,408.03328,1204.41195
1705.30000,408.12784,1204.58989
1705.40000,408.22242,1204.76792
1705.50000,408.31700,1204.94601
1705.60000,408.41160,1205.12405
1705.70000,408.50621,1205.30201
1705.80000,408.60083,1205.47992
1705.90000,408.69546,1205.65786
1706.00000,408.79009,1205.83568
1706.10000,408.88474,1206.01362
1706.20000,408.97940,1206.19151
1706.30000,409.07407,1206.36979
1706.40000,409.16875,1206.54792
1706.50000,409.26344,1206.72609
1706.60000,409.35815,1206.90432
1706.70000,409.45286,1207.08266
1706.80000,409.54758,1207.26088
1706.90000,409.64231,1207.43906
1707.00000,409.73706,1207.61708
1707.10000,409.83181,1207.79521
1707.20000,409.92657,1207.97329
1707.30000,410.02135,1208.15142
1707.40000,410.11613,1208.32954
1707.50000,410.21093,1208.50770
1707.60000,410.30573,1208.68590
1707.70000,410.40055,1208.86434
1707.80000,410.49538,1209.04261
1707.90000,410.59021,1209.22073
1708.00000,410.68506,1209.39900
1708.10000,410.77992,1209.57720
1708.20000,410.87479,1209.75519
1708.30000,410.96967,1209.93335
1708.40000,411.06455,1210.11182
1708.50000,411.15945,1210.29018
1708.60000,411.25436,1210.46859
1708.70000,411.34928,1210.64712
1708.80000,411.44422,1210.82558
1708.90000,411.53916,1211.00394
1709.00000,411.63411,1211.18234
1709.10000,411.72907,1211.36058
1709.20000,411.82404,1211.53872
1709.30000,411.91903,1211.71728
1709.40000,412.01402,1211.89578
1709.50000,412.10902,1212.07424
1709.60000,412.20404,1212.25268
1709.70000,412.29906,1212.43101
1709.80000,412.39410,1212.60945
1709.90000,412.48914,1212.78791
1710.00000,412.58420,1212.96629
1710.10000,412.67927,1213.14486
1710.20000,412.77434,1213.32327
1710.30000,412.86943,1213.50204
1710.40000,412.96453,1213.68073
1710.50000,413.05964,1213.85933
1710.60000,413.15476,1214.03794
1710.70000,413.24989,1214.21638
1710.80000,413.34503,1214.39489
1710.90000,413.44018,1214.57341
1711.00000,413.53534,1214.75190
1711.10000,413.63051,1214.93045
1711.20000,413.72569,1215.10898
1711.30000,413.82088,1215.28768
1711.40000,413.91608,1215.46631
1711.50000,414.01130,1215.64497
1711.60000,414.10652,1215.82379
1711.70000,414.20175,1216.00240
1711.80000,414.29700,1216.18101
1711.90000,414.39225,1216.35964
1712.00000,414.48752,1216.53828
1712.10000,414.58279,1216.71693
1712.20000,414.67808,1216.89560
1712.30000,414.77337,1217.07437
1712.40000,414.86868,1217.25308
1712.50000,414.96400,1217.43184
1712.60000,415.05933,1217.61074
1712.70000,415.15466,1217.78949
1712.80000,415.25001,1217.96833
1712.90000,415.34537,1218.14702
1713.00000,415.44074,1218.32589
1713.10000,415.53612,1218.50472
1713.20000,415.63151,1218.68362
1713.30000,415.72691,1218.86244
1713.40000,415.82232,1219.04131
1713.50000,415.91774,1219.22015
1713.60000,416.01318,1219.39918
1713.70000,416.10862,1219.57792
1713.80000,416.20407,1219.75678
1713.90000,416.29953,1219.93550
1714.00000,416.39501,1220.11454
1714.10000,416.49049,1220.29348
1714.20000,416.58599,1220.47246
1714.30000,416.68149,1220.65127
1714.40000,416.77701,1220.83044
1714.50000,416.87253,1221.00946
1714.60000,416.96807,1221.18832
1714.70000,417.06362,1221.36716
1714.80000,417.15917,1221.54610
1714.90000,417.25474,1221.72518
1715.00000,417.35032,1221.90419
1715.10000,417.44591,1222.08322
1715.20000,417.54151,1222.26224
1715.30000,417.63712,1222.44125
1715.40000,417.73274,1222.62045
1715.50000,417.82837,1222.79956
1715.60000,417.92401,1222.97855
1715.70000,418.01966,1223.15769
1715.80000,418.11532,1223.33674
1715.90000,418.21099,1223.51591
1716.00000,418.30667,1223.69505
1716.10000,418.40237,1223.87425
1716.20000,418.49807,1224.05343
1716.30000,418.59378,1224.23253
1716.40000,418.68951,1224.41169
1716.50000,418.78524,1224.59083
1716.60000,418.88099,1224.76998
1716.70000,418.97674,1224.94909
1716.80000,419.07251,1225.12815
1716.90000,419.16829,1225.30745
1717.00000,419.26407,1225.48687
1717.10000,419.35987,1225.66616
1717.20000,419.45568,1225.84541
1717.30000,419.55150,1226.02475
1717.40000,419.64733,1226.20411
1717.50000,419.74316,1226.38342
1717.60000,419.83901,1226.56276
1717.70000,419.93487,1226.74202
1717.80000,420.03074,1226.92129
1717.90000,420.12663,1227.10074
1718.00000,420.22252,1227.28012
1718.10000,420.31842,1227.45924
1718.20000,420.41433,1227.63848
1718.30000,420.51025,1227.81773
1718.40000,420.60619,1227.99720
1718.50000,420.70213,1228.17655
1718.60000,420.79808,1228.35602
1718.70000,420.89405,1228.53538
1718.80000,420.99002,1228.71501
1718.90000,421.08601,1228.89466
1719.00000,421.18200,1229.07424
1719.10000,421.27801,1229.25376
1719.20000,421.37403,1229.43326
1719.30000,421.47005,1229.61259
1719.40000,421.56609,1229.79212
1719.50000,421.66214,1229.97129
1719.60000,421.75820,1230.15068
1719.70000,421.85427,1230.33003
1719.80000,421.95035,1230.50964
1719.90000,422.04643,1230.68930
1720.00000,422.14253,1230.86907
1720.10000,422.23865,1231.04885
1720.20000,422.33477,1231.22854
1720.30000,422.43090,1231.40816
1720.40000,422.52704,1231.58774
1720.50000,422.62319,1231.76712
1720.60000,422.71935,1231.94676
1720.70000,422.81553,1232.12624
1720.80000,422.91171,1232.30569
1720.90000,423.00791,1232.48534
1721.00000,423.10411,1232.66519
1721.10000,423.20032,1232.84473
1721.20000,423.29655,1233.02441
1721.30000,423.39279,1233.20397
1721.40000,423.48903,1233.38379
1721.50000,423.58529,1233.56340
1721.60000,423.68156,1233.74316
1721.70000,423.77783,1233.92276
1721.80000,423.87412,1234.10258
1721.90000,423.97042,1234.28244
1722.00000,424.06673,1234.46219
1722.10000,424.16305,1234.64199
1722.20000,424.25938,1234.82175
1722.30000,424.35572,1235.00140
1722.40000,424.45207,1235.18137
1722.50000,424.54843,1235.36124
1722.60000,424.64480,1235.54104
1722.70000,424.74118,1235.72095
1722.80000,424.83758,1235.90093
1722.90000,424.93398,1236.08076
1723.00000,425.03039,1236.26066
1723.10000,425.12682,1236.44084
1723.20000,425.22325,1236.62044
1723.30000,425.31969,1236.80025
1723.40000,425.41615,1236.98015
1723.50000,425.51261,1237.16006
1723.60000,425.60909,1237.34000
1723.70000,425.70558,1237.51984
1723.80000,425.80207,1237.69981
1723.90000,425.89858,1237.87987
1724.00000,425.99510,1238.05985
1724.10000,426.09163,1238.23990
1724.20000,426.18817,1238.41979
1724.30000,426.28471,1238.59994
1724.40000,426.38127,1238.77990
1724.50000,426.47784,1238.95992
1724.60000,426.57442,1239.14001
1724.70000,426.67101,1239.31997
1724.80000,426.76762,1239.50021
1724.90000,426.86423,1239.68015
1725.00000,426.96085,1239.86011
1725.10000,427.05748,1240.04028
1725.20000,427.15412,1240.22022
1725.30000,427.25078,1240.40042
1725.40000,427.34744,1240.58048
1725.50000,427.44412,1240.76052
1725.60000,427.54080,1240.94065
1725.70000,427.63750,1241.12094
1725.80000,427.73420,1241.30137
1725.90000,427.83092,1241.48161
1726.00000,427.92764,1241.66180
1726.10000,428.02438,1241.84192
1726.20000,428.12113,1242.02178
1726.30000,428.21789,1242.20202
1726.40000,428.31465,1242.38210
1726.50000,428.41143,1242.56217
1726.60000,428.50822,1242.74232
1726.70000,428.60502,1242.92264
1726.80000,428.70183,1243.10321
1726.90000,428.79865,1243.28374
1727.00000,428.89548,1243.46403
1727.10000,428.99232,1243.64443
1727.20000,429.08918,1243.82466
1727.30000,429.18604,1244.00497
1727.40000,429.28291,1244.18529
1727.50000,429.37979,1244.36532
1727.60000,429.47669,1244.54565
1727.70000,429.57359,1244.72590
1727.80000,429.67051,1244.90651
1727.90000,429.76743,1245.08699
1728.00000,429.86437,1245.26742
1728.10000,429.96131,1245.44784
1728.20000,430.05827,1245.62803
1728.30000,430.15523,1245.80857
1728.40000,430.25221,1245.98898
1728.50000,430.34920,1246.16934
1728.60000,430.44620,1246.34990
1728.70000,430.54320,1246.53030
1728.80000,430.64022,1246.71092
1728.90000,430.73725,1246.89141
1729.00000,430.83429,1247.07189
1729.10000,430.93134,1247.25233
1729.20000,431.02840,1247.43280
1729.30000,431.12547,1247.61349
1729.40000,431.22256,1247.79405
1729.50000,431.31965,1247.97476
1729.60000,431.41675,1248.15519
1729.70000,431.51386,1248.33574
1729.80000,431.61099,1248.51630
1729.90000,431.70812,1248.69673
1730.00000,431.80526,1248.87736
1730.10000,431.90242,1249.05809
1730.20000,431.99958,1249.23869
1730.30000,432.09676,1249.41936
1730.40000,432.19394,1249.59992
1730.50000,432.29114,1249.78057
1730.60000,432.38835,1249.96122
1730.70000,432.48556,1250.14195
1730.80000,432.58279,1250.32262
1730.90000,432.68003,1250.50319
1731.00000,432.77728,1250.68404
1731.10000,432.87454,1250.86471
1731.20000,432.97181,1251.04535
1731.30000,433.06909,1251.22611
1731.40000,433.16638,1251.40661
1731.50000,433.26368,1251.58732
1731.60000,433.36099,1251.76832
1731.70000,433.45831,1251.94918
1731.80000,433.55564,1252.13008
1731.90000,433.65298,1252.31089
1732.00000,433.75034,1252.49173
1732.10000,433.84770,1252.67248
1732.20000,433.94507,1252.85332
1732.30000,434.04246,1253.03421
1732.40000,434.13985,1253.21489
1732.50000,434.23726,1253.39565
1732.60000,434.33467,1253.57660
1732.70000,434.43210,1253.75742
1732.80000,434.52953,1253.93827
1732.90000,434.62698,1254.11915
1733.00000,434.72444,1254.30005
1733.10000,434.82191,1254.48098
1733.20000,434.91938,1254.66208
1733.30000,435.01687,1254.84307
1733.40000,435.11437,1255.02390
1733.50000,435.21188,1255.20488
1733.60000,435.30940,1255.38584
1733.70000,435.40693,1255.56690
1733.80000,435.50447,1255.74781
1733.90000,435.60202,1255.92882
1734.00000,435.69959,1256.10999
1734.10000,435.79716,1256.29101
1734.20000,435.89474,1256.47208
1734.30000,435.99233,1256.65295
1734.40000,436.08994,1256.83405
1734.50000,436.18755,1257.01513
1734.60000,436.28517,1257.19619
1734.70000,436.38281,1257.37729
1734.80000,436.48045,1257.55841
1734.90000,436.57811,1257.73948
1735.00000,436.67578,1257.92091
1735.10000,436.77345,1258.10198
1735.20000,436.87114,1258.28303
1735.30000,436.96884,1258.46409
1735.40000,437.06654,1258.64539
1735.50000,437.16426,1258.82637
1735.60000,437.26199,1259.00739
1735.70000,437.35973,1259.18846
1735.80000,437.45748,1259.36973
1735.90000,437.55524,1259.55084
1736.00000,437.65301,1259.73238
1736.10000,437.75079,1259.91351
1736.20000,437.84858,1260.09478
1736.30000,437.94638,1260.27611
1736.40000,438.04420,1260.45740
1736.50000,438.14202,1260.63841
1736.60000,438.23985,1260.81959
1736.70000,438.33769,1261.00078
1736.80000,438.43555,1261.18209
1736.90000,438.53341,1261.36350
1737.00000,438.63129,1261.54490
1737.10000,438.72917,1261.72632
1737.20000,438.82707,1261.90785
1737.30000,438.92497,1262.08921
1737.40000,439.02289,1262.27053
1737.50000,439.12082,1262.45182
1737.60000,439.21876,1262.63328
1737.70000,439.31670,1262.81446
1737.80000,439.41466,1262.99569
1737.90000,439.51263,1263.17702
1738.00000,439.61061,1263.35830
1738.10000,439.70860,1263.53997
1738.20000,439.80660,1263.72131
1738.30000,439.90461,1263.90284
1738.40000,440.00263,1264.08430
1738.50000,440.10066,1264.26588
1738.60000,440.19870,1264.44725
1738.70000,440.29676,1264.62864
1738.80000,440.39482,1264.81010
1738.90000,440.49289,1264.99163
1739.00000,440.59098,1265.17314
1739.10000,440.68907,1265.35490
1739.20000,440.78717,1265.53640
1739.30000,440.88529,1265.71795
1739.40000,440.98341,1265.89945
1739.50000,441.08155,1266.08090
1739.60000,441.17970,1266.26232
1739.70000,441.27785,1266.44391
1739.80000,441.37602,1266.62541
1739.90000,441.47420,1266.80706
1740.00000,441.57239,1266.98855
1740.10000,441.67058,1267.17038
1740.20000,441.76879,1267.35210
1740.30000,441.86701,1267.53391
1740.40000,441.96524,1267.71577
1740.50000,442.06348,1267.89734
1740.60000,442.16173,1268.07922
1740.70000,442.25999,1268.26068
1740.80000,442.35826,1268.44232
1740.90000,442.45655,1268.62409
1741.00000,442.55484,1268.80577
1741.10000,442.65314,1268.98753
1741.20000,442.75145,1269.16923
1741.30000,442.84978,1269.35112
1741.40000,442.94811,1269.53282
1741.50000,443.04646,1269.71456
1741.60000,443.14481,1269.89643
1741.70000,443.24318,1270.07806
1741.80000,443.34155,1270.26003
1741.90000,443.43994,1270.44186
1742.00000,443.53834,1270.62364
1742.10000,443.63674,1270.80546
1742.20000,443.73516,1270.98732
1742.30000,443.83359,1271.16921
1742.40000,443.93203,1271.35106
1742.50000,444.03048,1271.53298
1742.60000,444.12894,1271.71484
1742.70000,444.22741,1271.89670
1742.80000,444.32589,1272.07846
1742.90000,444.42438,1272.26020
1743.00000,444.52288,1272.44198
1743.10000,444.62139,1272.62401
1743.20000,444.71991,1272.80592
1743.30000,444.81844,1272.98783
1743.40000,444.91699,1273.16973
1743.50000,445.01554,1273.35186
1743.60000,445.11410,1273.53390
1743.70000,445.21268,1273.71593
1743.80000,445.31126,1273.89800
1743.90000,445.40986,1274.08027
1744.00000,445.50846,1274.26234
1744.10000,445.60708,1274.44428
1744.20000,445.70570,1274.62623
1744.30000,445.80434,1274.80811
1744.40000,445.90299,1274.99010
1744.50000,446.00165,1275.17221
1744.60000,446.10031,1275.35427
1744.70000,446.19899,1275.53644
1744.80000,446.29768,1275.71870
1744.90000,446.39638,1275.90097
1745.00000,446.49509,1276.08299
1745.10000,446.59381,1276.26512
1745.20000,446.69254,1276.44722
1745.30000,446.79128,1276.62937
1745.40000,446.89003,1276.81156
1745.50000,446.98880,1276.99362
1745.60000,447.08757,1277.17585
1745.70000,447.18635,1277.35799
1745.80000,447.28515,1277.54025
1745.90000,447.38395,1277.72237
1746.00000,447.48276,1277.90455
1746.10000,447.58159,1278.08682
1746.20000,447.68042,1278.26908
1746.30000,447.77927,1278.45147
1746.40000,447.87812,1278.63351
1746.50000,447.97699,1278.81562
1746.60000,448.07587,1278.99802
1746.70000,448.17475,1279.18023
1746.80000,448.27365,1279.36259
1746.90000,448.37256,1279.54492
1747.00000,448.47148,1279.72741
1747.10000,448.57041,1279.90985
1747.20000,448.66935,1280.09233
1747.30000,448.76830,1280.27470
1747.40000,448.86726,1280.45689
1747.50000,448.96623,1280.63922
1747.60000,449.06521,1280.82162
1747.70000,449.16420,1281.00389
1747.80000,449.26320,1281.18627
1747.90000,449.36222,1281.36877
1748.00000,449.46124,1281.55124
1748.10000,449.56027,1281.73356
1748.20000,449.65932,1281.91598
1748.30000,449.75837,1282.09845
1748.40000,449.85744,1282.28097
1748.50000,449.95651,1282.46351
1748.60000,450.05560,1282.64596
1748.70000,450.15469,1282.82854
1748.80000,450.25380,1283.01107
1748.90000,450.35292,1283.19352
1749.00000,450.45204,1283.37603
1749.10000,450.55118,1283.55854
1749.20000,450.65033,1283.74111
1749.30000,450.74949,1283.92366
1749.40000,450.84866,1284.10625
1749.50000,450.94784,1284.28892
1749.60000,451.04703,1284.47152
1749.70000,451.14623,1284.65429
1749.80000,451.24544,1284.83679
1749.90000,451.34466,1285.01936
1750.00000,451.44389,1285.20199
1750.10000,451.54313,1285.38451
1750.20000,451.64238,1285.56693
1750.30000,451.74165,1285.74954
1750.40000,451.84092,1285.93204
1750.50000,451.94020,1286.11468
1750.60000,452.03950,1286.29747
1750.70000,452.13880,1286.48035
1750.80000,452.23812,1286.66298
1750.90000,452.33744,1286.84600
1751.00000,452.43678,1287.02875
1751.10000,452.53613,1287.21147
1751.20000,452.63548,1287.39416
1751.30000,452.73485,1287.57690
1751.40000,452.83423,1287.75952
1751.50000,452.93362,1287.94228
1751.60000,453.03302,1288.12518
1751.70000,453.13242,1288.30785
1751.80000,453.23184,1288.49059
1751.90000,453.33127,1288.67351
1752.00000,453.43071,1288.85620
1752.10000,453.53016,1289.03890
1752.20000,453.62963,1289.22175
1752.30000,453.72910,1289.40455
1752.40000,453.82858,1289.58769
1752.50000,453.92807,1289.77077
1752.60000,454.02758,1289.95358
1752.70000,454.12709,1290.13647
1752.80000,454.22661,1290.31953
1752.90000,454.32615,1290.50242
1753.00000,454.42569,1290.68506
1753.10000,454.52525,1290.86786
1753.20000,454.62481,1291.05081
1753.30000,454.72439,1291.23366
1753.40000,454.82397,1291.41676
1753.50000,454.92357,1291.59973
1753.60000,455.02318,1291.78256
1753.70000,455.12280,1291.96576
1753.80000,455.22242,1292.14881
1753.90000,455.32206,1292.33165
1754.00000,455.42171,1292.51448
1754.10000,455.52137,1292.69757
1754.20000,455.62104,1292.88067
1754.30000,455.72072,1293.06368
1754.40000,455.82041,1293.24684
1754.50000,455.92011,1293.42994
1754.60000,456.01983,1293.61318
1754.70000,456.11955,1293.79636
1754.80000,456.21928,1293.97925
1754.90000,456.31902,1294.16220
1755.00000,456.41878,1294.34531
1755.10000,456.51854,1294.52849
1755.20000,456.61832,1294.71162
1755.30000,456.71810,1294.89483
1755.40000,456.81790,1295.07793
1755.50000,456.91770,1295.26124
1755.60000,457.01752,1295.44455
1755.70000,457.11734,1295.62771
1755.80000,457.21718,1295.81076
1755.90000,457.31703,1295.99399
1756.00000,457.41689,1296.17736
1756.10000,457.51675,1296.36049
1756.20000,457.61663,1296.54384
1756.30000,457.71652,1296.72706
1756.40000,457.81642,1296.91029
1756.50000,457.91633,1297.09380
1756.60000,458.01625,1297.27705
1756.70000,458.11618,1297.46017
1756.80000,458.21612,1297.64326
1756.90000,458.31607,1297.82647
1757.00000,458.41604,1298.00981
1757.10000,458.51601,1298.19303
1757.20000,458.61599,1298.37648
1757.30000,458.71599,1298.55955
1757.40000,458.81599,1298.74293
1757.50000,458.91600,1298.92648
1757.60000,459.01603,1299.10988
1757.70000,459.11606,1299.29325
1757.80000,459.21611,1299.47661
1757.90000,459.31616,1299.66019
1758.00000,459.41623,1299.84376
1758.10000,459.51631,1300.02740
1758.20000,459.61640,1300.21078
1758.30000,459.71649,1300.39414
1758.40000,459.81660,1300.57764
1758.50000,459.91672,1300.76108
1758.60000,460.01685,1300.94453
1758.70000,460.11699,1301.12803
1758.80000,460.21714,1301.31140
1758.90000,460.31730,1301.49497
1759.00000,460.41747,1301.67846
1759.10000,460.51765,1301.86200
1759.20000,460.61784,1302.04540
1759.30000,460.71804,1302.22892
1759.40000,460.81826,1302.41256
1759.50000,460.91848,1302.59602
1759.60000,461.01871,1302.77980
1759.70000,461.11896,1302.96339
1759.80000,461.21921,1303.14699
1759.90000,461.31948,1303.33068
1760.00000,461.41975,1303.51424
1760.10000,461.52004,1303.69776
1760.20000,461.62033,1303.88132
1760.30000,461.72064,1304.06485
1760.40000,461.82096,1304.24850
1760.50000,461.92128,1304.43204
1760.60000,462.02162,1304.61576
1760.70000,462.12197,1304.79945
1760.80000,462.22233,1304.98320
1760.90000,462.32270,1305.16700
1761.00000,462.42308,1305.35065
1761.10000,462.52347,1305.53440
1761.20000,462.62387,1305.71804
1761.30000,462.72428,1305.90174
1761.40000,462.82470,1306.08550
1761.50000,462.92513,1306.26931
1761.60000,463.02557,1306.45308
1761.70000,463.12602,1306.63685
1761.80000,463.22649,1306.82062
1761.90000,463.32696,1307.00441
1762.00000,463.42744,1307.18826
1762.10000,463.52794,1307.37204
1762.20000,463.62844,1307.55583
1762.30000,463.72896,1307.73992
1762.40000,463.82948,1307.92379
1762.50000,463.93002,1308.10769
1762.60000,464.03056,1308.29150
1762.70000,464.13112,1308.47537
1762.80000,464.23169,1308.65917
1762.90000,464.33227,1308.84290
1763.00000,464.43285,1309.02689
1763.10000,464.53345,1309.21077
1763.20000,464.63406,1309.39478
1763.30000,464.73468,1309.57881
1763.40000,464.83531,1309.76275
1763.50000,464.93595,1309.94666
1763.60000,465.03660,1310.13060
1763.70000,465.13726,1310.31456
1763.80000,465.23793,1310.49841
1763.90000,465.33862,1310.68233
1764.00000,465.43931,1310.86640
1764.10000,465.54001,1311.05044
1764.20000,465.64072,1311.23461
1764.30000,465.74145,1311.41870
1764.40000,465.84218,1311.60277
1764.50000,465.94293,1311.78672
1764.60000,466.04368,1311.97079
1764.70000,466.14445,1312.15484
1764.80000,466.24522,1312.33891
1764.90000,466.34601,1312.52298
1765.00000,466.44681,1312.70708
1765.10000,466.54761,1312.89123
1765.20000,466.64843,1313.07554
1765.30000,466.74926,1313.25974
1765.40000,466.85010,1313.44376
1765.50000,466.95095,1313.62798
1765.60000,467.05181,1313.81201
1765.70000,467.15268,1313.99615
1765.80000,467.25356,1314.18031
1765.90000,467.35445,1314.36438
1766.00000,467.45535,1314.54860
1766.10000,467.55626,1314.73283
1766.20000,467.65718,1314.91712
1766.30000,467.75811,1315.10140
1766.40000,467.85905,1315.28545
1766.50000,467.96001,1315.46971
1766.60000,468.06097,1315.65378
1766.70000,468.16195,1315.83812
1766.80000,468.26293,1316.02243
1766.90000,468.36392,1316.20661
1767.00000,468.46493,1316.39101
1767.10000,468.56595,1316.57532
1767.20000,468.66697,1316.75971
1767.30000,468.76801,1316.94402
1767.40000,468.86906,1317.12839
1767.50000,468.97011,1317.31287
1767.60000,469.07118,1317.49722
1767.70000,469.17226,1317.68155
1767.80000,469.27335,1317.86584
1767.90000,469.37445,1318.05011
1768.00000,469.47556,1318.23452
1768.10000,469.57668,1318.41887
1768.20000,469.67781,1318.60327
1768.30000,469.77895,1318.78779
1768.40000,469.88010,1318.97237
1768.50000,469.98126,1319.15682
1768.60000,470.08243,1319.34119
1768.70000,470.18362,1319.52572
1768.80000,470.28481,1319.71015
1768.90000,470.38601,1319.89480
1769.00000,470.48723,1320.07926
1769.10000,470.58845,1320.26378
1769.20000,470.68969,1320.44820
1769.30000,470.79093,1320.63286
1769.40000,470.89219,1320.81729
1769.50000,470.99345,1321.00179
1769.60000,471.09473,1321.18632
1769.70000,471.19602,1321.37088
1769.80000,471.29731,1321.55554
1769.90000,471.39862,1321.74014
1770.00000,471.49994,1321.92463
1770.10000,471.60127,1322.10939
1770.20000,471.70261,1322.29387
1770.30000,471.80396,1322.47865
1770.40000,471.90532,1322.66331
1770.50000,472.00669,1322.84793
1770.60000,472.10807,1323.03260
1770.70000,472.20946,1323.21713
1770.80000,472.31086,1323.40192
1770.90000,472.41227,1323.58636
1771.00000,472.51369,1323.77094
1771.10000,472.61513,1323.95571
1771.20000,472.71657,1324.14038
1771.30000,472.81802,1324.32519
1771.40000,472.91949,1324.50981
1771.50000,473.02096,1324.69458
1771.60000,473.12245,1324.87932
1771.70000,473.22394,1325.06408
1771.80000,473.32545,1325.24886
1771.90000,473.42697,1325.43349
1772.00000,473.52849,1325.61804
1772.10000,473.63003,1325.80290
1772.20000,473.73158,1325.98779
1772.30000,473.83314,1326.17266
1772.40000,473.93470,1326.35763
1772.50000,474.03628,1326.54246
1772.60000,474.13787,1326.72734
1772.70000,474.23947,1326.91249
1772.80000,474.34108,1327.09721
1772.90000,474.44270,1327.28209
1773.00000,474.54433,1327.46690
1773.10000,474.64598,1327.65168
1773.20000,474.74763,1327.83654
1773.30000,474.84929,1328.02149
1773.40000,474.95096,1328.20635
1773.50000,475.05265,1328.39114
1773.60000,475.15434,1328.57606
1773.70000,475.25604,1328.76095
1773.80000,475.35776,1328.94559
1773.90000,475.45948,1329.13075
1774.00000,475.56122,1329.31579
1774.10000,475.66296,1329.50078
1774.20000,475.76472,1329.68592
1774.30000,475.86649,1329.87099
1774.40000,475.96826,1330.05612
1774.50000,476.07005,1330.24139
1774.60000,476.17185,1330.42644
1774.70000,476.27366,1330.61152
1774.80000,476.37548,1330.79642
1774.90000,476.47730,1330.98145
1775.00000,476.57914,1331.16658
1775.10000,476.68099,1331.35163
1775.20000,476.78285,1331.53674
1775.30000,476.88473,1331.72177
1775.40000,476.98661,1331.90702
1775.50000,477.08850,1332.09230
1775.60000,477.19040,1332.27756
1775.70000,477.29231,1332.46269
1775.80000,477.39424,1332.64773
1775.90000,477.49617,1332.83294
1776.00000,477.59811,1333.01795
1776.10000,477.70007,1333.20297
1776.20000,477.80203,1333.38821
1776.30000,477.90401,1333.57332
1776.40000,478.00599,1333.75848
1776.50000,478.10799,1333.94377
1776.60000,478.21000,1334.12906
1776.70000,478.31201,1334.31428
1776.80000,478.41404,1334.49959
1776.90000,478.51608,1334.68503
1777.00000,478.61813,1334.87013
1777.10000,478.72018,1335.05547
1777.20000,478.82225,1335.24071
1777.30000,478.92433,1335.42595
1777.40000,479.02642,1335.61113
1777.50000,479.12852,1335.79644
1777.60000,479.23063,1335.98177
1777.70000,479.33275,1336.16701
1777.80000,479.43489,1336.35226
1777.90000,479.53703,1336.53780
1778.00000,479.63918,1336.72316
1778.10000,479.74134,1336.90855
1778.20000,479.84352,1337.09405
1778.30000,479.94570,1337.27942
1778.40000,480.04789,1337.46478
1778.50000,480.15010,1337.65014
1778.60000,480.25231,1337.83558
1778.70000,480.35454,1338.02090
1778.80000,480.45677,1338.20633
1778.90000,480.55902,1338.39210
1779.00000,480.66128,1338.57754
1779.10000,480.76354,1338.76313
1779.20000,480.86582,1338.94868
1779.30000,480.96811,1339.13401
1779.40000,481.07041,1339.31937
1779.50000,481.17272,1339.50475
1779.60000,481.27504,1339.69029
1779.70000,481.37737,1339.87566
1779.80000,481.47971,1340.06129
1779.90000,481.58206,1340.24682
1780.00000,481.68442,1340.43230
1780.10000,481.78679,1340.61799
1780.20000,481.88917,1340.80345
1780.30000,481.99156,1340.98902
1780.40000,482.09396,1341.17469
1780.50000,482.19638,1341.36034
1780.60000,482.29880,1341.54606
1780.70000,482.40124,1341.73175
1780.80000,482.50368,1341.91739
1780.90000,482.60613,1342.10300
1781.00000,482.70860,1342.28872
1781.10000,482.81107,1342.47424
1781.20000,482.91356,1342.65988
1781.30000,483.01606,1342.84548
1781.40000,483.11856,1343.03135
1781.50000,483.22108,1343.21697
1781.60000,483.32361,1343.40277
1781.70000,483.42615,1343.58861
1781.80000,483.52870,1343.77430
1781.90000,483.63125,1343.96002
1782.00000,483.73382,1344.14565
1782.10000,483.83640,1344.33145
1782.20000,483.93899,1344.51732
1782.30000,484.04159,1344.70297
1782.40000,484.14421,1344.88882
1782.50000,484.24683,1345.07441
1782.60000,484.34946,1345.26018
1782.70000,484.45210,1345.44605
1782.80000,484.55475,1345.63182
1782.90000,484.65742,1345.81762
1783.00000,484.76009,1346.00359
1783.10000,484.86278,1346.18980
1783.20000,484.96547,1346.37581
1783.30000,485.06817,1346.56163
1783.40000,485.17089,1346.74740
1783.50000,485.27362,1346.93322
1783.60000,485.37635,1347.11897
1783.70000,485.47910,1347.30484
1783.80000,485.58186,1347.49074
1783.90000,485.68462,1347.67653
1784.00000,485.78740,1347.86244
1784.10000,485.89019,1348.04869
1784.20000,485.99299,1348.23487
1784.30000,486.09580,1348.42077
1784.40000,486.19862,1348.60683
1784.50000,486.30145,1348.79303
1784.60000,486.40429,1348.97874
1784.70000,486.50714,1349.16479
1784.80000,486.61000,1349.35065
1784.90000,486.71287,1349.53622
1785.00000,486.81575,1349.72219
1785.10000,486.91864,1349.90841
1785.20000,487.02155,1350.09454
1785.30000,487.12446,1350.28064
1785.40000,487.22738,1350.46684
1785.50000,487.33032,1350.65333
1785.60000,487.43326,1350.83933
1785.70000,487.53622,1351.02552
1785.80000,487.63918,1351.21134
1785.90000,487.74216,1351.39719
1786.00000,487.84515,1351.58344
1786.10000,487.94814,1351.76966
1786.20000,488.05115,1351.95572
1786.30000,488.15417,1352.14192
1786.40000,488.25720,1352.32817
1786.50000,488.36023,1352.51459
1786.60000,488.46328,1352.70065
1786.70000,488.56634,1352.88687
1786.80000,488.66941,1353.07304
1786.90000,488.77249,1353.25932
1787.00000,488.87558,1353.44574
1787.10000,488.97868,1353.63199
1787.20000,489.08180,1353.81818
1787.30000,489.18492,1354.00461
1787.40000,489.28805,1354.19074
1787.50000,489.39119,1354.37687
1787.60000,489.49434,1354.56311
1787.70000,489.59751,1354.74949
1787.80000,489.70068,1354.93561
1787.90000,489.80387,1355.12184
1788.00000,489.90706,1355.30813
1788.10000,490.01027,1355.49448
1788.20000,490.11348,1355.68086
1788.30000,490.21671,1355.86740
1788.40000,490.31994,1356.05365
1788.50000,490.42319,1356.24005
1788.60000,490.52645,1356.42660
1788.70000,490.62972,1356.61304
1788.80000,490.73299,1356.79939
1788.90000,490.83628,1356.98589
1789.00000,490.93958,1357.17248
1789.10000,491.04289,1357.35899
1789.20000,491.14621,1357.54528
1789.30000,491.24954,1357.73179
1789.40000,491.35288,1357.91816
1789.50000,491.45623,1358.10462
1789.60000,491.55959,1358.29105
1789.70000,491.66297,1358.47770
1789.80000,491.76635,1358.66422
1789.90000,491.86974,1358.85079
1790.00000,491.97314,1359.03751
1790.10000,492.07656,1359.22391
1790.20000,492.17998,1359.41035
1790.30000,492.28342,1359.59706
1790.40000,492.38686,1359.78359
1790.50000,492.49032,1359.97023
1790.60000,492.59378,1360.15676
1790.70000,492.69726,1360.34362
1790.80000,492.80074,1360.53004
1790.90000,492.90424,1360.71666
1791.00000,493.00775,1360.90326
1791.10000,493.11127,1361.08979
1791.20000,493.21480,1361.27659
1791.30000,493.31833,1361.46335
1791.40000,493.42188,1361.64976
1791.50000,493.52544,1361.83634
1791.60000,493.62901,1362.02288
1791.70000,493.73259,1362.20974
1791.80000,493.83618,1362.39611
1791.90000,493.93978,1362.58286
1792.00000,494.04340,1362.76953
1792.10000,494.14702,1362.95634
1792.20000,494.25065,1363.14321
1792.30000,494.35429,1363.32987
1792.40000,494.45795,1363.51651
1792.50000,494.56161,1363.70321
1792.60000,494.66528,1363.89008
1792.70000,494.76897,1364.07699
1792.80000,494.87266,1364.26370
1792.90000,494.97637,1364.45060
1793.00000,495.08008,1364.63742
1793.10000,495.18381,1364.82424
1793.20000,495.28755,1365.01100
1793.30000,495.39129,1365.19770
1793.40000,495.49505,1365.38452
1793.50000,495.59882,1365.57142
1793.60000,495.70260,1365.75845
1793.70000,495.80639,1365.94531
1793.80000,495.91019,1366.13227
1793.90000,496.01400,1366.31918
1794.00000,496.11782,1366.50619
1794.10000,496.22165,1366.69304
1794.20000,496.32549,1366.87988
1794.30000,496.42934,1367.06671
1794.40000,496.53320,1367.25363
1794.50000,496.63707,1367.44060
1794.60000,496.74095,1367.62742
1794.70000,496.84485,1367.81430
1794.80000,496.94875,1368.00128
1794.90000,497.05266,1368.18824
1795.00000,497.15659,1368.37544
1795.10000,497.26052,1368.56241
1795.20000,497.36447,1368.74945
1795.30000,497.46842,1368.93650
1795.40000,497.57239,1369.12344
1795.50000,497.67636,1369.31044
1795.60000,497.78035,1369.49751
1795.70000,497.88435,1369.68473
1795.80000,497.98836,1369.87177
1795.90000,498.09237,1370.05881
1796.00000,498.19640,1370.24601
1796.10000,498.30044,1370.43303
1796.20000,498.40449,1370.62028
1796.30000,498.50855,1370.80732
1796.40000,498.61262,1370.99434
1796.50000,498.71670,1371.18160
1796.60000,498.82079,1371.36889
1796.70000,498.92489,1371.55612
1796.80000,499.02900,1371.74328
1796.90000,499.13313,1371.93054
1797.00000,499.23726,1372.11752
1797.10000,499.34140,1372.30480
1797.20000,499.44555,1372.49199
1797.30000,499.54972,1372.67893
1797.40000,499.65389,1372.86606
1797.50000,499.75808,1373.05324
1797.60000,499.86227,1373.24052
1797.70000,499.96648,1373.42780
1797.80000,500.07069,1373.61541
1797.90000,500.17492,1373.80286
1798.00000,500.27916,1373.99019
1798.10000,500.38340,1374.17764
1798.20000,500.48766,1374.36490
1798.30000,500.59193,1374.55229
1798.40000,500.69621,1374.73951
1798.50000,500.80050,1374.92671
1798.60000,500.90480,1375.11402
1798.70000,501.00910,1375.30136
1798.80000,501.11342,1375.48895
1798.90000,501.21776,1375.67629
1799.00000,501.32210,1375.86358
1799.10000,501.42645,1376.05094
1799.20000,501.53081,1376.23825
1799.30000,501.63518,1376.42575
1799.40000,501.73956,1376.61294
1799.50000,501.84396,1376.80032
1799.60000,501.94836,1376.98768
1799.70000,502.05277,1377.17520
1799.80000,502.15720,1377.36268
1799.90000,502.26163,1377.55018
1800.00000,502.36608,1377.73774
1800.10000,502.47053,1377.92537
1800.20000,502.57500,1378.11285
1800.30000,502.67947,1378.30051
1800.40000,502.78396,1378.48791
1800.50000,502.88846,1378.67538
1800.60000,502.99297,1378.86286
1800.70000,503.09748,1379.05040
1800.80000,503.20201,1379.23773
1800.90000,503.30655,1379.42532
1801.00000,503.41110,1379.61309
1801.10000,503.51566,1379.80065
1801.20000,503.62023,1379.98840
1801.30000,503.72481,1380.17611
1801.40000,503.82940,1380.36381
1801.50000,503.93400,1380.55136
1801.60000,504.03861,1380.73917
1801.70000,504.14324,1380.92681
1801.80000,504.24787,1381.11437
1801.90000,504.35251,1381.30201
1802.00000,504.45716,1381.48978
1802.10000,504.56183,1381.67731
1802.20000,504.66650,1381.86513
1802.30000,504.77119,1382.05264
1802.40000,504.87588,1382.24059
1802.50000,504.98059,1382.42809
1802.60000,505.08530,1382.61586
1802.70000,505.19003,1382.80354
1802.80000,505.29477,1382.99148
1802.90000,505.39951,1383.17921
1803.00000,505.50427,1383.36701
1803.10000,505.60904,1383.55475
1803.20000,505.71382,1383.74234
1803.30000,505.81860,1383.93007
1803.40000,505.92340,1384.11789
1803.50000,506.02821,1384.30549
1803.60000,506.13303,1384.49323
1803.70000,506.23786,1384.68114
1803.80000,506.34270,1384.86914
1803.90000,506.44756,1385.05701
1804.00000,506.55242,1385.24494
1804.10000,506.65729,1385.43290
1804.20000,506.76217,1385.62069
1804.30000,506.86706,1385.80872
1804.40000,506.97197,1385.99650
1804.50000,507.07688,1386.18447
1804.60000,507.18181,1386.37242
1804.70000,507.28674,1386.56035
1804.80000,507.39168,1386.74827
1804.90000,507.49664,1386.93619
1805.00000,507.60161,1387.12398
1805.10000,507.70658,1387.31183
1805.20000,507.81157,1387.49978
1805.30000,507.91657,1387.68777
1805.40000,508.02157,1387.87592
1805.50000,508.12659,1388.06403
1805.60000,508.23162,1388.25239
1805.70000,508.33666,1388.44047
1805.80000,508.44171,1388.62869
1805.90000,508.54677,1388.81656
1806.00000,508.65184,1389.00456
1806.10000,508.75692,1389.19241
1806.20000,508.86201,1389.38044
1806.30000,508.96711,1389.56841
1806.40000,509.07222,1389.75664
1806.50000,509.17734,1389.94472
1806.60000,509.28247,1390.13301
1806.70000,509.38762,1390.32116
1806.80000,509.49277,1390.50934
1806.90000,509.59793,1390.69747
1807.00000,509.70311,1390.88561
1807.10000,509.80829,1391.07360
1807.20000,509.91349,1391.26146
1807.30000,510.01869,1391.44957
1807.40000,510.12391,1391.63779
1807.50000,510.22913,1391.82605
1807.60000,510.33437,1392.01433
1807.70000,510.43962,1392.20261
1807.80000,510.54487,1392.39077
1807.90000,510.65014,1392.57919
1808.00000,510.75542,1392.76747
1808.10000,510.86071,1392.95577
1808.20000,510.96601,1393.14387
1808.30000,511.07132,1393.33226
1808.40000,511.17664,1393.52059
1808.50000,511.28197,1393.70889
1808.60000,511.38731,1393.89716
1808.70000,511.49266,1394.08525
1808.80000,511.59802,1394.27333
1808.90000,511.70339,1394.46181
1809.00000,511.80877,1394.65015
1809.10000,511.91417,1394.83845
1809.20000,512.01957,1395.02695
1809.30000,512.12498,1395.21548
1809.40000,512.23041,1395.40392
1809.50000,512.33584,1395.59232
1809.60000,512.44129,1395.78087
1809.70000,512.54674,1395.96919
1809.80000,512.65221,1396.15744
1809.90000,512.75768,1396.34609
1810.00000,512.86317,1396.53442
1810.10000,512.96867,1396.72262
1810.20000,513.07417,1396.91114
1810.30000,513.17969,1397.09985
1810.40000,513.28522,1397.28803
1810.50000,513.39076,1397.47667
1810.60000,513.49631,1397.66534
1810.70000,513.60186,1397.85365
1810.80000,513.70743,1398.04214
1810.90000,513.81301,1398.23067
1811.00000,513.91860,1398.41916
1811.10000,514.02421,1398.60753
1811.20000,514.12982,1398.79629
1811.30000,514.23544,1398.98483
1811.40000,514.34107,1399.17316
1811.50000,514.44671,1399.36192
1811.60000,514.55237,1399.55047
1811.70000,514.65803,1399.73889
1811.80000,514.76370,1399.92764
1811.90000,514.86939,1400.11632
1812.00000,514.97508,1400.30511
1812.10000,515.08079,1400.49385
1812.20000,515.18650,1400.68247
1812.30000,515.29223,1400.87099
1812.40000,515.39796,1401.05959
1812.50000,515.50371,1401.24825
1812.60000,515.60947,1401.43673
1812.70000,515.71523,1401.62550
1812.80000,515.82101,1401.81434
1812.90000,515.92680,1402.00328
1813.00000,516.03260,1402.19196
1813.10000,516.13841,1402.38072
1813.20000,516.24423,1402.56933
1813.30000,516.35006,1402.75815
1813.40000,516.45590,1402.94682
1813.50000,516.56175,1403.13563
1813.60000,516.66761,1403.32421
1813.70000,516.77348,1403.51322
1813.80000,516.87936,1403.70212
1813.90000,516.98526,1403.89113
1814.00000,517.09116,1404.07993
1814.10000,517.19707,1404.26875
1814.20000,517.30300,1404.45745
1814.30000,517.40893,1404.64631
1814.40000,517.51487,1404.83516
1814.50000,517.62083,1405.02407
1814.60000,517.72679,1405.21288
1814.70000,517.83277,1405.40188
1814.80000,517.93876,1405.59080
1814.90000,518.04475,1405.77978
1815.00000,518.15076,1405.96860
1815.10000,518.25678,1406.15740
1815.20000,518.36280,1406.34621
1815.30000,518.46884,1406.53512
1815.40000,518.57489,1406.72398
1815.50000,518.68095,1406.91292
1815.60000,518.78702,1407.10190
1815.70000,518.89310,1407.29068
1815.80000,518.99919,1407.47978
1815.90000,519.10529,1407.66884
1816.00000,519.21140,1407.85771
1816.10000,519.31752,1408.04682
1816.20000,519.42365,1408.23597
1816.30000,519.52979,1408.42493
1816.40000,519.63595,1408.61389
1816.50000,519.74211,1408.80287
1816.60000,519.84828,1408.99187
1816.70000,519.95447,1409.18075
1816.80000,520.06066,1409.37008
1816.90000,520.16687,1409.55907
1817.00000,520.27308,1409.74818
1817.10000,520.37931,1409.93738
1817.20000,520.48554,1410.12649
1817.30000,520.59179,1410.31564
1817.40000,520.69805,1410.50477
1817.50000,520.80431,1410.69379
1817.60000,520.91059,1410.88303
1817.70000,521.01688,1411.07215
1817.80000,521.12318,1411.26164
1817.90000,521.22948,1411.45071
1818.00000,521.33580,1411.63997
1818.10000,521.44213,1411.82917
1818.20000,521.54847,1412.01839
1818.30000,521.65482,1412.20763
1818.40000,521.76118,1412.39689
1818.50000,521.86755,1412.58601
1818.60000,521.97394,1412.77536
1818.70000,522.08033,1412.96452
1818.80000,522.18673,1413.15416
1818.90000,522.29314,1413.34329
1819.00000,522.39957,1413.53259
1819.10000,522.50600,1413.72194
1819.20000,522.61244,1413.91125
1819.30000,522.71890,1414.10061
1819.40000,522.82536,1414.28985
1819.50000,522.93184,1414.47906
1819.60000,523.03832,1414.66842
1819.70000,523.14482,1414.85771
1819.80000,523.25133,1415.04700
1819.90000,523.35784,1415.23635
1820.00000,523.46437,1415.42581
1820.10000,523.57091,1415.61533
1820.20000,523.67746,1415.80477
1820.30000,523.78401,1415.99436
1820.40000,523.89058,1416.18381
1820.50000,523.99716,1416.37315
1820.60000,524.10375,1416.56251
1820.70000,524.21035,1416.75178
1820.80000,524.31696,1416.94098
1820.90000,524.42358,1417.13063
1821.00000,524.53021,1417.32007
1821.10000,524.63686,1417.50947
1821.20000,524.74351,1417.69900
1821.30000,524.85017,1417.88878
1821.40000,524.95684,1418.07854
1821.50000,525.06353,1418.26791
1821.60000,525.17022,1418.45759
1821.70000,525.27692,1418.64715
1821.80000,525.38364,1418.83659
1821.90000,525.49036,1419.02628
1822.00000,525.59710,1419.21569
1822.10000,525.70385,1419.40506
1822.20000,525.81060,1419.59499
1822.30000,525.91737,1419.78465
1822.40000,526.02415,1419.97417
1822.50000,526.13093,1420.16363
1822.60000,526.23773,1420.35319
1822.70000,526.34454,1420.54274
1822.80000,526.45136,1420.73208
1822.90000,526.55819,1420.92167
1823.00000,526.66503,1421.11130
1823.10000,526.77187,1421.30093
1823.20000,526.87874,1421.49099
1823.30000,526.98561,1421.68061
1823.40000,527.09249,1421.87056
1823.50000,527.19938,1422.06044
1823.60000,527.30628,1422.25020
1823.70000,527.41319,1422.44013
1823.80000,527.52011,1422.62961
1823.90000,527.62705,1422.81951
1824.00000,527.73399,1423.00932
1824.10000,527.84094,1423.19900
1824.20000,527.94791,1423.38873
1824.30000,528.05488,1423.57852
1824.40000,528.16187,1423.76835
1824.50000,528.26886,1423.95811
1824.60000,528.37587,1424.14791
1824.70000,528.48289,1424.33776
1824.80000,528.58991,1424.52765
1824.90000,528.69695,1424.71757
1825.00000,528.80400,1424.90754
1825.10000,528.91106,1425.09738
1825.20000,529.01812,1425.28719
1825.30000,529.12520,1425.47709
1825.40000,529.23229,1425.66679
1825.50000,529.33939,1425.85670
1825.60000,529.44650,1426.04661
1825.70000,529.55362,1426.23653
1825.80000,529.66075,1426.42662
1825.90000,529.76789,1426.61637
1826.00000,529.87504,1426.80645
1826.10000,529.98221,1426.99632
1826.20000,530.08938,1427.18642
1826.30000,530.19656,1427.37630
1826.40000,530.30375,1427.56628
1826.50000,530.41096,1427.75639
1826.60000,530.51817,1427.94644
1826.70000,530.62540,1428.13647
1826.80000,530.73263,1428.32655
1826.90000,530.83988,1428.51630
1827.00000,530.94713,1428.70631
1827.10000,531.05440,1428.89645
1827.20000,531.16167,1429.08660
1827.30000,531.26896,1429.27664
1827.40000,531.37626,1429.46680
1827.50000,531.48356,1429.65709
1827.60000,531.59088,1429.84730
1827.70000,531.69821,1430.03723
1827.80000,531.80555,1430.22727
1827.90000,531.91290,1430.41729
1828.00000,532.02026,1430.60731
1828.10000,532.12763,1430.79752
1828.20000,532.23501,1430.98778
1828.30000,532.34240,1431.17808
1828.40000,532.44980,1431.36830
1828.50000,532.55721,1431.55866
1828.60000,532.66463,1431.74898
1828.70000,532.77207,1431.93894
1828.80000,532.87951,1432.12923
1828.90000,532.98696,1432.31942
1829.00000,533.09443,1432.50947
1829.10000,533.20190,1432.69977
1829.20000,533.30938,1432.89012
1829.30000,533.41688,1433.08040
1829.40000,533.52438,1433.27081
1829.50000,533.63190,1433.46111
1829.60000,533.73943,1433.65129
1829.70000,533.84696,1433.84152
1829.80000,533.95451,1434.03187
1829.90000,534.06207,1434.22205
1830.00000,534.16963,1434.41247
1830.10000,534.27721,1434.60272
1830.20000,534.38480,1434.79303
1830.30000,534.49240,1434.98354
1830.40000,534.60001,1435.17414
1830.50000,534.70763,1435.36427
1830.60000,534.81526,1435.55453
1830.70000,534.92290,1435.74497
1830.80000,535.03055,1435.93524
1830.90000,535.13821,1436.12563
1831.00000,535.24588,1436.31617
1831.10000,535.35356,1436.50653
1831.20000,535.46126,1436.69718
1831.30000,535.56896,1436.88784
1831.40000,535.67667,1437.07846
1831.50000,535.78440,1437.26893
1831.60000,535.89213,1437.45952
1831.70000,535.99987,1437.64994
1831.80000,536.10763,1437.84044
1831.90000,536.21539,1438.03101
1832.00000,536.32317,1438.22128
1832.10000,536.43096,1438.41163
1832.20000,536.53875,1438.60222
1832.30000,536.64656,1438.79271
1832.40000,536.75438,1438.98321
1832.50000,536.86220,1439.17387
1832.60000,536.97004,1439.36461
1832.70000,537.07789,1439.55527
1832.80000,537.18575,1439.74605
1832.90000,537.29362,1439.93666
1833.00000,537.40150,1440.12682
1833.10000,537.50939,1440.31745
1833.20000,537.61729,1440.50819
1833.30000,537.72520,1440.69871
1833.40000,537.83312,1440.88918
1833.50000,537.94105,1441.08002
1833.60000,538.04899,1441.27086
1833.70000,538.15695,1441.46156
1833.80000,538.26491,1441.65238
1833.90000,538.37288,1441.84313
1834.00000,538.48086,1442.03362
1834.10000,538.58886,1442.22439
1834.20000,538.69686,1442.41526
1834.30000,538.80488,1442.60582
1834.40000,538.91290,1442.79639
1834.50000,539.02094,1442.98713
1834.60000,539.12898,1443.17778
1834.70000,539.23704,1443.36849
1834.80000,539.34511,1443.55943
1834.90000,539.45319,1443.75032
1835.00000,539.56127,1443.94126
1835.10000,539.66937,1444.13217
1835.20000,539.77748,1444.32323
1835.30000,539.88560,1444.51400
1835.40000,539.99373,1444.70482
1835.50000,540.10187,1444.89578
1835.60000,540.21002,1445.08658
1835.70000,540.31818,1445.27742
1835.80000,540.42635,1445.46851
1835.90000,540.53453,1445.65932
1836.00000,540.64272,1445.85031
1836.10000,540.75092,1446.04092
1836.20000,540.85913,1446.23190
1836.30000,540.96736,1446.42265
1836.40000,541.07559,1446.61362
1836.50000,541.18383,1446.80479
1836.60000,541.29209,1446.99561
1836.70000,541.40035,1447.18664
1836.80000,541.50863,1447.37773
1836.90000,541.61691,1447.56878
1837.00000,541.72521,1447.75968
1837.10000,541.83351,1447.95052
1837.20000,541.94183,1448.14154
1837.30000,542.05016,1448.33241
1837.40000,542.15849,1448.52356
1837.50000,542.26684,1448.71473
1837.60000,542.37520,1448.90571
1837.70000,542.48357,1449.09666
1837.80000,542.59195,1449.28788
1837.90000,542.70034,1449.47892
1838.00000,542.80873,1449.66990
1838.10000,542.91714,1449.86095
1838.20000,543.02556,1450.05192
1838.30000,543.13400,1450.24313
1838.40000,543.24244,1450.43443
1838.50000,543.35089,1450.62565
1838.60000,543.45935,1450.81679
1838.70000,543.56782,1451.00795
1838.80000,543.67631,1451.19920
1838.90000,543.78480,1451.39042
1839.00000,543.89330,1451.58176
1839.10000,544.00182,1451.77286
1839.20000,544.11034,1451.96412
1839.30000,544.21887,1452.15542
1839.40000,544.32742,1452.34667
1839.50000,544.43597,1452.53780
1839.60000,544.54454,1452.72887
1839.70000,544.65312,1452.92006
1839.80000,544.76170,1453.11127
1839.90000,544.87030,1453.30263
1840.00000,544.97891,1453.49388
1840.10000,545.08753,1453.68519
1840.20000,545.19615,1453.87655
1840.30000,545.30479,1454.06796
1840.40000,545.41344,1454.25920
1840.50000,545.52210,1454.45063
1840.60000,545.63077,1454.64176
1840.70000,545.73945,1454.83296
1840.80000,545.84814,1455.02433
1840.90000,545.95684,1455.21577
1841.00000,546.06555,1455.40708
1841.10000,546.17428,1455.59847
1841.20000,546.28301,1455.78986
1841.30000,546.39175,1455.98145
1841.40000,546.50050,1456.17274
1841.50000,546.60927,1456.36410
1841.60000,546.71804,1456.55541
1841.70000,546.82683,1456.74692
1841.80000,546.93562,1456.93837
1841.90000,547.04442,1457.13002
1842.00000,547.15324,1457.32134
1842.10000,547.26207,1457.51283
1842.20000,547.37090,1457.70447
1842.30000,547.47975,1457.89599
1842.40000,547.58861,1458.08749
1842.50000,547.69747,1458.27899
1842.60000,547.80635,1458.47077
1842.70000,547.91524,1458.66240
1842.80000,548.02414,1458.85397
1842.90000,548.13305,1459.04540
1843.00000,548.24197,1459.23663
1843.10000,548.35089,1459.42810
1843.20000,548.45983,1459.61957
1843.30000,548.56879,1459.81114
1843.40000,548.67775,1460.00291
1843.50000,548.78672,1460.19458
1843.60000,548.89570,1460.38632
1843.70000,549.00469,1460.57805
1843.80000,549.11369,1460.76977
1843.90000,549.22271,1460.96111
1844.00000,549.33173,1461.15276
1844.10000,549.44076,1461.34448
1844.20000,549.54981,1461.53639
1844.30000,549.65886,1461.72817
1844.40000,549.76793,1461.91988
1844.50000,549.87700,1462.11156
1844.60000,549.98609,1462.30332
1844.70000,550.09518,1462.49500
1844.80000,550.20429,1462.68679
1844.90000,550.31341,1462.87827
1845.00000,550.42253,1463.06999
1845.10000,550.53167,1463.26166
1845.20000,550.64082,1463.45344
1845.30000,550.74998,1463.64509
1845.40000,550.85915,1463.83680
1845.50000,550.96833,1464.02854
1845.60000,551.07751,1464.22065
1845.70000,551.18671,1464.41252
1845.80000,551.29593,1464.60463
1845.90000,551.40515,1464.79640
1846.00000,551.51438,1464.98836
1846.10000,551.62362,1465.18019
1846.20000,551.73287,1465.37206
1846.30000,551.84213,1465.56394
1846.40000,551.95141,1465.75570
1846.50000,552.06069,1465.94761
1846.60000,552.16998,1466.13956
1846.70000,552.27929,1466.33138
1846.80000,552.38860,1466.52326
1846.90000,552.49792,1466.71514
1847.00000,552.60726,1466.90705
1847.10000,552.71661,1467.09891
1847.20000,552.82596,1467.29106
1847.30000,552.93533,1467.48297
1847.40000,553.04470,1467.67490
1847.50000,553.15409,1467.86680
1847.60000,553.26349,1468.05873
1847.70000,553.37290,1468.25076
1847.80000,553.48231,1468.44275
1847.90000,553.59174,1468.63478
1848.00000,553.70118,1468.82657
1848.10000,553.81063,1469.01868
1848.20000,553.92009,1469.21098
1848.30000,554.02956,1469.40298
1848.40000,554.13904,1469.59504
1848.50000,554.24853,1469.78720
1848.60000,554.35803,1469.97947
1848.70000,554.46755,1470.17162
1848.80000,554.57707,1470.36397
1848.90000,554.68660,1470.55604
1849.00000,554.79614,1470.74810
1849.10000,554.90570,1470.94035
1849.20000,555.01526,1471.13252
1849.30000,555.12483,1471.32440
1849.40000,555.23442,1471.51646
1849.50000,555.34401,1471.70877
1849.60000,555.45362,1471.90087
1849.70000,555.56323,1472.09308
1849.80000,555.67286,1472.28543
1849.90000,555.78250,1472.47761
1850.00000,555.89214,1472.67000
1850.10000,556.00180,1472.86225
1850.20000,556.11147,1473.05443
1850.30000,556.22115,1473.24653
1850.40000,556.33083,1473.43889
1850.50000,556.44053,1473.63138
1850.60000,556.55024,1473.82361
1850.70000,556.65996,1474.01594
1850.80000,556.76969,1474.20826
1850.90000,556.87943,1474.40061
1851.00000,556.98918,1474.59284
1851.10000,557.09894,1474.78511
1851.20000,557.20871,1474.97732
1851.30000,557.31850,1475.16957
1851.40000,557.42829,1475.36203
1851.50000,557.53809,1475.55449
1851.60000,557.64790,1475.74688
1851.70000,557.75773,1475.93925
1851.80000,557.86756,1476.13170
1851.90000,557.97741,1476.32396
1852.00000,558.08726,1476.51637
1852.10000,558.19713,1476.70876
1852.20000,558.30700,1476.90091
1852.30000,558.41689,1477.09328
1852.40000,558.52678,1477.28577
1852.50000,558.63669,1477.47834
1852.60000,558.74661,1477.67094
1852.70000,558.85653,1477.86357
1852.80000,558.96647,1478.05627
1852.90000,559.07642,1478.24881
1853.00000,559.18638,1478.44158
1853.10000,559.29635,1478.63401
1853.20000,559.40633,1478.82647
1853.30000,559.51632,1479.01905
1853.40000,559.62632,1479.21153
1853.50000,559.73633,1479.40418
1853.60000,559.84635,1479.59667
1853.70000,559.95638,1479.78934
1853.80000,560.06642,1479.98180
1853.90000,560.17647,1480.17436
1854.00000,560.28653,1480.36668
1854.10000,560.39661,1480.55926
1854.20000,560.50669,1480.75171
1854.30000,560.61678,1480.94428
1854.40000,560.72689,1481.13691
1854.50000,560.83700,1481.32979
1854.60000,560.94713,1481.52237
1854.70000,561.05726,1481.71512
1854.80000,561.16741,1481.90785
1854.90000,561.27756,1482.10064
1855.00000,561.38773,1482.29324
1855.10000,561.49791,1482.48610
1855.20000,561.60809,1482.67861
1855.30000,561.71829,1482.87136
1855.40000,561.82850,1483.06421
1855.50000,561.93872,1483.25699
1855.60000,562.04895,1483.44967
1855.70000,562.15918,1483.64237
1855.80000,562.26943,1483.83518
1855.90000,562.37969,1484.02793
1856.00000,562.48996,1484.22076
1856.10000,562.60024,1484.41345
1856.20000,562.71053,1484.60622
1856.30000,562.82084,1484.79910
1856.40000,562.93115,1484.99194
1856.50000,563.04147,1485.18474
1856.60000,563.15180,1485.37769
1856.70000,563.26215,1485.57062
1856.80000,563.37250,1485.76369
1856.90000,563.48286,1485.95657
1857.00000,563.59324,1486.14938
1857.10000,563.70362,1486.34202
1857.20000,563.81402,1486.53489
1857.30000,563.92442,1486.72779
1857.40000,564.03484,1486.92055
1857.50000,564.14526,1487.11358
1857.60000,564.25570,1487.30675
1857.70000,564.36615,1487.49993
1857.80000,564.47660,1487.69309
1857.90000,564.58707,1487.88590
1858.00000,564.69755,1488.07883
1858.10000,564.80804,1488.27164
1858.20000,564.91853,1488.46455
1858.30000,565.02904,1488.65751
1858.40000,565.13956,1488.85041
1858.50000,565.25009,1489.04353
1858.60000,565.36063,1489.23645
1858.70000,565.47118,1489.42953
1858.80000,565.58174,1489.62273
1858.90000,565.69232,1489.81589
1859.00000,565.80290,1490.00899
1859.10000,565.91349,1490.20218
1859.20000,566.02409,1490.39546
1859.30000,566.13471,1490.58853
1859.40000,566.24533,1490.78163
1859.50000,566.35596,1490.97455
1859.60000,566.46661,1491.16747
1859.70000,566.57726,1491.36061
1859.80000,566.68793,1491.55391
1859.90000,566.79860,1491.74708
1860.00000,566.90929,1491.94010
1860.10000,567.01998,1492.13331
1860.20000,567.13069,1492.32678
1860.30000,567.24141,1492.51990
1860.40000,567.35213,1492.71302
1860.50000,567.46287,1492.90610
1860.60000,567.57362,1493.09933
1860.70000,567.68438,1493.29259
1860.80000,567.79515,1493.48585
1860.90000,567.90592,1493.67911
1861.00000,568.01671,1493.87243
1861.10000,568.12751,1494.06578
1861.20000,568.23832,1494.25937
1861.30000,568.34915,1494.45258
1861.40000,568.45998,1494.64588
1861.50000,568.57082,1494.83937
1861.60000,568.68167,1495.03266
1861.70000,568.79253,1495.22591
1861.80000,568.90340,1495.41914
1861.90000,569.01429,1495.61252
1862.00000,569.12518,1495.80578
1862.10000,569.23608,1495.99898
1862.20000,569.34700,1496.19217
1862.30000,569.45792,1496.38556
1862.40000,569.56886,1496.57893
1862.50000,569.67980,1496.77247
1862.60000,569.79076,1496.96594
1862.70000,569.90172,1497.15941
1862.80000,570.01270,1497.35305
1862.90000,570.12369,1497.54669
1863.00000,570.23468,1497.74016
1863.10000,570.34569,1497.93339
1863.20000,570.45671,1498.12671
1863.30000,570.56774,1498.32017
1863.40000,570.67878,1498.51350
1863.50000,570.78983,1498.70688
1863.60000,570.90089,1498.90043
1863.70000,571.01196,1499.09404
1863.80000,571.12304,1499.28766
1863.90000,571.23413,1499.48129
1864.00000,571.34523,1499.67487
1864.10000,571.45634,1499.86835
1864.20000,571.56746,1500.06194
1864.30000,571.67859,1500.25550
1864.40000,571.78974,1500.44914
1864.50000,571.90089,1500.64283
1864.60000,572.01205,1500.83650
1864.70000,572.12323,1501.03026
1864.80000,572.23441,1501.22386
1864.90000,572.34560,1501.41738
1865.00000,572.45681,1501.61094
1865.10000,572.56802,1501.80471
1865.20000,572.67925,1501.99821
1865.30000,572.79049,1502.19179
1865.40000,572.90173,1502.38561
1865.50000,573.01299,1502.57934
1865.60000,573.12426,1502.77298
1865.70000,573.23553,1502.96669
1865.80000,573.34682,1503.16039
1865.90000,573.45812,1503.35386
1866.00000,573.56943,1503.54761
1866.10000,573.68075,1503.74150
1866.20000,573.79208,1503.93501
1866.30000,573.90342,1504.12875
1866.40000,574.01477,1504.32267
1866.50000,574.12613,1504.51623
1866.60000,574.23750,1504.70995
1866.70000,574.34888,1504.90382
1866.80000,574.46027,1505.09766
1866.90000,574.57167,1505.29128
1867.00000,574.68309,1505.48550
1867.10000,574.79451,1505.67951
1867.20000,574.90594,1505.87318
1867.30000,575.01739,1506.06709
1867.40000,575.12884,1506.26105
1867.50000,575.24030,1506.45479
1867.60000,575.35178,1506.64886
1867.70000,575.46326,1506.84275
1867.80000,575.57476,1507.03663
1867.90000,575.68627,1507.23044
1868.00000,575.79778,1507.42458
1868.10000,575.90931,1507.61856
1868.20000,576.02085,1507.81235
1868.30000,576.13239,1508.00630
1868.40000,576.24395,1508.20031
1868.50000,576.35552,1508.39430
1868.60000,576.46710,1508.58846
1868.70000,576.57869,1508.78236
1868.80000,576.69029,1508.97643
1868.90000,576.80190,1509.17024
1869.00000,576.91352,1509.36431
1869.10000,577.02515,1509.55839
1869.20000,577.13679,1509.75246
1869.30000,577.24844,1509.94647
1869.40000,577.36010,1510.14056
1869.50000,577.47177,1510.33468
1869.60000,577.58346,1510.52874
1869.70000,577.69515,1510.72279
1869.80000,577.80685,1510.91679
1869.90000,577.91857,1511.11073
1870.00000,578.03029,1511.30482
1870.10000,578.14202,1511.49890
1870.20000,578.25377,1511.69301
1870.30000,578.36552,1511.88700
1870.40000,578.47729,1512.08114
1870.50000,578.58906,1512.27536
1870.60000,578.70085,1512.46970
1870.70000,578.81265,1512.66390
1870.80000,578.92445,1512.85820
1870.90000,579.03627,1513.05253
1871.00000,579.14810,1513.24686
1871.10000,579.25994,1513.44122
1871.20000,579.37179,1513.63516
1871.30000,579.48365,1513.82928
1871.40000,579.59551,1514.02349
1871.50000,579.70739,1514.21780
1871.60000,579.81928,1514.41214
1871.70000,579.93118,1514.60618
1871.80000,580.04310,1514.80034
1871.90000,580.15502,1514.99472
1872.00000,580.26695,1515.18905
1872.10000,580.37889,1515.38349
1872.20000,580.49084,1515.57756
1872.30000,580.60281,1515.77200
1872.40000,580.71478,1515.96632
1872.50000,580.82676,1516.16076
1872.60000,580.93876,1516.35520
1872.70000,581.05076,1516.54971
1872.80000,581.16277,1516.74412
1872.90000,581.27480,1516.93857
1873.00000,581.38683,1517.13298
1873.10000,581.49888,1517.32739
1873.20000,581.61094,1517.52169
1873.30000,581.72300,1517.71607
1873.40000,581.83508,1517.91046
1873.50000,581.94717,1518.10501
1873.60000,582.05926,1518.29957
1873.70000,582.17137,1518.49411
1873.80000,582.28349,1518.68844
1873.90000,582.39562,1518.88277
1874.00000,582.50776,1519.07730
1874.10000,582.61991,1519.27173
1874.20000,582.73207,1519.46628
1874.30000,582.84424,1519.66085
1874.40000,582.95642,1519.85549
1874.50000,583.06861,1520.05003
1874.60000,583.18081,1520.24458
1874.70000,583.29302,1520.43919
1874.80000,583.40525,1520.63360
1874.90000,583.51748,1520.82804
1875.00000,583.62972,1521.02267
1875.10000,583.74197,1521.21725
1875.20000,583.85424,1521.41194
1875.30000,583.96651,1521.60651
1875.40000,584.07880,1521.80105
1875.50000,584.19109,1521.99549
1875.60000,584.30340,1522.19026
1875.70000,584.41571,1522.38492
1875.80000,584.52804,1522.57948
1875.90000,584.64037,1522.77415
1876.00000,584.75272,1522.96879
1876.10000,584.86508,1523.16351
1876.20000,584.97745,1523.35819
1876.30000,585.08982,1523.55284
1876.40000,585.20221,1523.74763
1876.50000,585.31461,1523.94244
1876.60000,585.42702,1524.13742
1876.70000,585.53944,1524.33234
1876.80000,585.65187,1524.52722
1876.90000,585.76431,1524.72194
1877.00000,585.87676,1524.91655
1877.10000,585.98922,1525.11129
1877.20000,586.10169,1525.30592
1877.30000,586.21417,1525.50053
1877.40000,586.32666,1525.69527
1877.50000,586.43917,1525.89019
1877.60000,586.55168,1526.08510
1877.70000,586.66420,1526.28008
1877.80000,586.77674,1526.47488
1877.90000,586.88928,1526.66974
1878.00000,587.00183,1526.86461
1878.10000,587.11440,1527.05962
1878.20000,587.22697,1527.25456
1878.30000,587.33956,1527.44929
1878.40000,587.45216,1527.64417
1878.50000,587.56476,1527.83912
1878.60000,587.67738,1528.03409
1878.70000,587.79000,1528.22916
1878.80000,587.90264,1528.42394
1878.90000,588.01529,1528.61886
1879.00000,588.12795,1528.81362
1879.10000,588.24062,1529.00879
1879.20000,588.35329,1529.20377
1879.30000,588.46598,1529.39854
1879.40000,588.57868,1529.59359
1879.50000,588.69139,1529.78864
1879.60000,588.80411,1529.98370
1879.70000,588.91684,1530.17882
1879.80000,589.02959,1530.37375
1879.90000,589.14234,1530.56873
1880.00000,589.25510,1530.76403
1880.10000,589.36787,1530.95930
1880.20000,589.48065,1531.15437
1880.30000,589.59345,1531.34915
1880.40000,589.70625,1531.54433
1880.50000,589.81906,1531.73941
1880.60000,589.93189,1531.93438
1880.70000,590.04472,1532.12942
1880.80000,590.15757,1532.32444
1880.90000,590.27042,1532.51957
1881.00000,590.38329,1532.71506
1881.10000,590.49616,1532.91024
1881.20000,590.60905,1533.10557
1881.30000,590.72195,1533.30066
1881.40000,590.83485,1533.49609
1881.50000,590.94777,1533.69122
1881.60000,591.06070,1533.88629
1881.70000,591.17364,1534.08138
1881.80000,591.28658,1534.27647
1881.90000,591.39954,1534.47181
1882.00000,591.51251,1534.66719
1882.10000,591.62549,1534.86254
1882.20000,591.73848,1535.05791
1882.30000,591.85148,1535.25330
1882.40000,591.96449,1535.44861
1882.50000,592.07751,1535.64368
1882.60000,592.19055,1535.83888
1882.70000,592.30359,1536.03405
1882.80000,592.41664,1536.22923
1882.90000,592.52970,1536.42471
1883.00000,592.64278,1536.62009
1883.10000,592.75586,1536.81532
1883.20000,592.86895,1537.01055
1883.30000,592.98206,1537.20612
1883.40000,593.09517,1537.40137
1883.50000,593.20830,1537.59682
1883.60000,593.32143,1537.79229
1883.70000,593.43458,1537.98762
1883.80000,593.54773,1538.18302
1883.90000,593.66090,1538.37869
1884.00000,593.77408,1538.57415
1884.10000,593.88726,1538.76945
1884.20000,594.00046,1538.96502
1884.30000,594.11367,1539.16051
1884.40000,594.22689,1539.35592
1884.50000,594.34012,1539.55167
1884.60000,594.45335,1539.74708
1884.70000,594.56660,1539.94240
1884.80000,594.67986,1540.13793
1884.90000,594.79313,1540.33355
1885.00000,594.90641,1540.52898
1885.10000,595.01971,1540.72463
1885.20000,595.13301,1540.92027
1885.30000,595.24632,1541.11589
1885.40000,595.35964,1541.31165
1885.50000,595.47297,1541.50726
1885.60000,595.58632,1541.70280
1885.70000,595.69967,1541.89845
1885.80000,595.81303,1542.09407
1885.90000,595.92641,1542.28952
1886.00000,596.03979,1542.48496
1886.10000,596.15318,1542.68051
1886.20000,596.26659,1542.87583
1886.30000,596.38000,1543.07147
1886.40000,596.49343,1543.26714
1886.50000,596.60687,1543.46277
1886.60000,596.72031,1543.65853
1886.70000,596.83377,1543.85441
1886.80000,596.94724,1544.05022
1886.90000,597.06071,1544.24582
1887.00000,597.17420,1544.44159
1887.10000,597.28770,1544.63722
1887.20000,597.40121,1544.83265
1887.30000,597.51473,1545.02828
1887.40000,597.62826,1545.22405
1887.50000,597.74180,1545.41983
1887.60000,597.85535,1545.61547
1887.70000,597.96891,1545.81150
1887.80000,598.08248,1546.00735
1887.90000,598.19606,1546.20301
1888.00000,598.30965,1546.39907
1888.10000,598.42325,1546.59493
1888.20000,598.53687,1546.79075
1888.30000,598.65049,1546.98648
1888.40000,598.76412,1547.18245
1888.50000,598.87777,1547.37824
1888.60000,598.99142,1547.57410
1888.70000,599.10508,1547.77012
1888.80000,599.21876,1547.96587
1888.90000,599.33244,1548.16163
1889.00000,599.44614,1548.35764
1889.10000,599.55985,1548.55348
1889.20000,599.67356,1548.74940
1889.30000,599.78729,1548.94531
1889.40000,599.90102,1549.14123
1889.50000,600.01477,1549.33717
1889.60000,600.12853,1549.53339
1889.70000,600.24230,1549.72940
1889.80000,600.35608,1549.92534
1889.90000,600.46986,1550.12125
1890.00000,600.58366,1550.31723
1890.10000,600.69747,1550.51307
1890.20000,600.81129,1550.70892
1890.30000,600.92512,1550.90505
1890.40000,601.03896,1551.10103
1890.50000,601.15281,1551.29701
1890.60000,601.26668,1551.49314
1890.70000,601.38055,1551.68935
1890.80000,601.49443,1551.88554
1890.90000,601.60832,1552.08177
1891.00000,601.72222,1552.27805
1891.10000,601.83614,1552.47416
1891.20000,601.95006,1552.67015
1891.30000,602.06400,1552.86628
1891.40000,602.17794,1553.06228
1891.50000,602.29189,1553.25819
1891.60000,602.40586,1553.45422
1891.70000,602.51983,1553.65033
1891.80000,602.63382,1553.84664
1891.90000,602.74782,1554.04295
1892.00000,602.86182,1554.23927
1892.10000,602.97584,1554.43537
1892.20000,603.08987,1554.63154
1892.30000,603.20390,1554.82779
1892.40000,603.31795,1555.02399
1892.50000,603.43201,1555.22022
1892.60000,603.54608,1555.41645
1892.70000,603.66016,1555.61282
1892.80000,603.77425,1555.80923
1892.90000,603.88835,1556.00551
1893.00000,604.00246,1556.20174
1893.10000,604.11658,1556.39785
1893.20000,604.23071,1556.59426
1893.30000,604.34485,1556.79052
1893.40000,604.45900,1556.98664
1893.50000,604.57316,1557.18312
1893.60000,604.68734,1557.37941
1893.70000,604.80152,1557.57565
1893.80000,604.91571,1557.77188
1893.90000,605.02992,1557.96809
1894.00000,605.14413,1558.16450
1894.10000,605.25835,1558.36097
1894.20000,605.37259,1558.55759
1894.30000,605.48683,1558.75401
1894.40000,605.60109,1558.95043
1894.50000,605.71535,1559.14705
1894.60000,605.82963,1559.34327
1894.70000,605.94392,1559.53972
1894.80000,606.05821,1559.73618
1894.90000,606.17252,1559.93267
1895.00000,606.28684,1560.12917
1895.10000,606.40117,1560.32574
1895.20000,606.51551,1560.52231
1895.30000,606.62985,1560.71872
1895.40000,606.74421,1560.91521
1895.50000,606.85858,1561.11154
1895.60000,606.97296,1561.30782
1895.70000,607.08735,1561.50452
1895.80000,607.20175,1561.70120
1895.90000,607.31616,1561.89780
1896.00000,607.43058,1562.09419
1896.10000,607.54502,1562.29091
1896.20000,607.65946,1562.48765
1896.30000,607.77391,1562.68419
1896.40000,607.88837,1562.88077
1896.50000,608.00285,1563.07718
1896.60000,608.11733,1563.27371
1896.70000,608.23182,1563.47054
1896.80000,608.34633,1563.66730
1896.90000,608.46084,1563.86375
1897.00000,608.57537,1564.06044
1897.10000,608.68990,1564.25715
1897.20000,608.80445,1564.45403
1897.30000,608.91900,1564.65079
1897.40000,609.03357,1564.84761
1897.50000,609.14815,1565.04423
1897.60000,609.26273,1565.24101
1897.70000,609.37733,1565.43762
1897.80000,609.49194,1565.63436
1897.90000,609.60656,1565.83083
1898.00000,609.72119,1566.02753
1898.10000,609.83583,1566.22413
1898.20000,609.95047,1566.42096
1898.30000,610.06513,1566.61778
1898.40000,610.17980,1566.81459
1898.50000,610.29448,1567.01135
1898.60000,610.40918,1567.20832
1898.70000,610.52388,1567.40512
1898.80000,610.63859,1567.60209
1898.90000,610.75331,1567.79901
1899.00000,610.86804,1567.99572
1899.10000,610.98278,1568.19255
1899.20000,611.09754,1568.38936
1899.30000,611.21230,1568.58616
1899.40000,611.32707,1568.78294
1899.50000,611.44186,1568.97982
1899.60000,611.55665,1569.17680
1899.70000,611.67146,1569.37373
1899.80000,611.78627,1569.57064
1899.90000,611.90110,1569.76767
1900.00000,612.01593,1569.96447
1900.10000,612.13078,1570.16129
1900.20000,612.24564,1570.35822
1900.30000,612.36050,1570.55522
1900.40000,612.47538,1570.75235
1900.50000,612.59027,1570.94955
1900.60000,612.70517,1571.14674
1900.70000,612.82008,1571.34395
1900.80000,612.93499,1571.54091
1900.90000,613.04992,1571.73786
1901.00000,613.16486,1571.93483
1901.10000,613.27981,1572.13157
1901.20000,613.39477,1572.32845
1901.30000,613.50974,1572.52555
1901.40000,613.62472,1572.72275
1901.50000,613.73972,1572.91976
1901.60000,613.85472,1573.11687
1901.70000,613.96973,1573.31403
1901.80000,614.08475,1573.51101
1901.90000,614.19979,1573.70805
1902.00000,614.31483,1573.90526
1902.10000,614.42988,1574.10230
1902.20000,614.54495,1574.29947
1902.30000,614.66002,1574.49671
1902.40000,614.77510,1574.69408
1902.50000,614.89020,1574.89117
1902.60000,615.00531,1575.08855
1902.70000,615.12042,1575.28580
1902.80000,615.23555,1575.48293
1902.90000,615.35068,1575.68021
1903.00000,615.46583,1575.87749
1903.10000,615.58099,1576.07466
1903.20000,615.69616,1576.27203
1903.30000,615.81133,1576.46919
1903.40000,615.92652,1576.66648
1903.50000,616.04172,1576.86359
1903.60000,616.15693,1577.06109
1903.70000,616.27215,1577.25827
1903.80000,616.38738,1577.45545
1903.90000,616.50262,1577.65276
1904.00000,616.61787,1577.84999
1904.10000,616.73313,1578.04721
1904.20000,616.84840,1578.24454
1904.30000,616.96368,1578.44189
1904.40000,617.07897,1578.63910
1904.50000,617.19428,1578.83648
1904.60000,617.30959,1579.03411
1904.70000,617.42491,1579.23152
1904.80000,617.54025,1579.42917
1904.90000,617.65559,1579.62660
1905.00000,617.77094,1579.82404
1905.10000,617.88631,1580.02149
1905.20000,618.00168,1580.21889
1905.30000,618.11707,1580.41632
1905.40000,618.23246,1580.61369
1905.50000,618.34787,1580.81086
1905.60000,618.46329,1581.00834
1905.70000,618.57871,1581.20579
1905.80000,618.69415,1581.40339
1905.90000,618.80960,1581.60074
1906.00000,618.92505,1581.79817
1906.10000,619.04052,1581.99581
1906.20000,619.15600,1582.19341
1906.30000,619.27149,1582.39085
1906.40000,619.38699,1582.58839
1906.50000,619.50250,1582.78573
1906.60000,619.61802,1582.98342
1906.70000,619.73355,1583.18112
1906.80000,619.84909,1583.37862
1906.90000,619.96464,1583.57602
1907.00000,620.08020,1583.77355
1907.10000,620.19577,1583.97130
1907.20000,620.31136,1584.16888
1907.30000,620.42695,1584.36648
1907.40000,620.54255,1584.56413
1907.50000,620.65816,1584.76173
1907.60000,620.77379,1584.95950
1907.70000,620.88942,1585.15722
1907.80000,621.00507,1585.35478
1907.90000,621.12072,1585.55253
1908.00000,621.23638,1585.75018
1908.10000,621.35206,1585.94806
1908.20000,621.46775,1586.14581
1908.30000,621.58344,1586.34369
1908.40000,621.69915,1586.54142
1908.50000,621.81487,1586.73905
1908.60000,621.93059,1586.93697
1908.70000,622.04633,1587.13464
1908.80000,622.16208,1587.33235
1908.90000,622.27784,1587.53015
1909.00000,622.39360,1587.72785
1909.10000,622.50938,1587.92561
1909.20000,622.62517,1588.12337
1909.30000,622.74097,1588.32110
1909.40000,622.85678,1588.51905
1909.50000,622.97260,1588.71674
1909.60000,623.08843,1588.91462
1909.70000,623.20427,1589.11240
1909.80000,623.32013,1589.31035
1909.90000,623.43599,1589.50841
1910.00000,623.55186,1589.70623
1910.10000,623.66774,1589.90407
1910.20000,623.78364,1590.10208
1910.30000,623.89954,1590.30001
1910.40000,624.01545,1590.49796
1910.50000,624.13138,1590.69566
1910.60000,624.24731,1590.89354
1910.70000,624.36326,1591.09161
1910.80000,624.47921,1591.28989
1910.90000,624.59518,1591.48795
1911.00000,624.71115,1591.68567
1911.10000,624.82714,1591.88362
1911.20000,624.94313,1592.08150
1911.30000,625.05914,1592.27941
1911.40000,625.17516,1592.47718
1911.50000,625.29119,1592.67517
1911.60000,625.40722,1592.87350
1911.70000,625.52327,1593.07161
1911.80000,625.63933,1593.27009
1911.90000,625.75540,1593.46809
1912.00000,625.87148,1593.66621
1912.10000,625.98757,1593.86413
1912.20000,626.10367,1594.06215
1912.30000,626.21978,1594.26026
1912.40000,626.33590,1594.45820
1912.50000,626.45203,1594.65636
1912.60000,626.56817,1594.85452
1912.70000,626.68433,1595.05244
1912.80000,626.80049,1595.25071
1912.90000,626.91666,1595.44886
1913.00000,627.03284,1595.64707
1913.10000,627.14904,1595.84506
1913.20000,627.26524,1596.04350
1913.30000,627.38145,1596.24164
1913.40000,627.49768,1596.43975
1913.50000,627.61391,1596.63778
1913.60000,627.73016,1596.83588
1913.70000,627.84641,1597.03413
1913.80000,627.96268,1597.23237
1913.90000,628.07896,1597.43069
1914.00000,628.19524,1597.62884
1914.10000,628.31154,1597.82708
1914.20000,628.42785,1598.02551
1914.30000,628.54416,1598.22363
1914.40000,628.66049,1598.42193
1914.50000,628.77683,1598.62030
1914.60000,628.89318,1598.81868
1914.70000,629.00954,1599.01711
1914.80000,629.12591,1599.21550
1914.90000,629.24229,1599.41395
1915.00000,629.35868,1599.61223
1915.10000,629.47508,1599.81056
1915.20000,629.59149,1600.00893
1915.30000,629.70791,1600.20705
1915.40000,629.82434,1600.40550
1915.50000,629.94078,1600.60399
1915.60000,630.05724,1600.80236
1915.70000,630.17370,1601.00096
1915.80000,630.29017,1601.19930
1915.90000,630.40666,1601.39791
1916.00000,630.52315,1601.59646
1916.10000,630.63965,1601.79486
1916.20000,630.75617,1601.99339
1916.30000,630.87269,1602.19170
1916.40000,630.98923,1602.39021
1916.50000,631.10577,1602.58884
1916.60000,631.22233,1602.78742
1916.70000,631.33890,1602.98604
1916.80000,631.45547,1603.18433
1916.90000,631.57206,1603.38279
1917.00000,631.68866,1603.58132
1917.10000,631.80526,1603.77957
1917.20000,631.92188,1603.97820
1917.30000,632.03851,1604.17660
1917.40000,632.15515,1604.37532
1917.50000,632.27180,1604.57401
1917.60000,632.38846,1604.77257
1917.70000,632.50513,1604.97141
1917.80000,632.62181,1605.16999
1917.90000,632.73850,1605.36852
1918.00000,632.85520,1605.56735
1918.10000,632.97191,1605.76583
1918.20000,633.08863,1605.96444
1918.30000,633.20536,1606.16301
1918.40000,633.32211,1606.36199
1918.50000,633.43886,1606.56056
1918.60000,633.55562,1606.75926
1918.70000,633.67239,1606.95812
1918.80000,633.78918,1607.15680
1918.90000,633.90597,1607.35550
1919.00000,634.02278,1607.55432
1919.10000,634.13959,1607.75285
1919.20000,634.25642,1607.95152
1919.30000,634.37325,1608.15014
1919.40000,634.49010,1608.34909
1919.50000,634.60695,1608.54782
1919.60000,634.72382,1608.74665
1919.70000,634.84070,1608.94532
1919.80000,634.95759,1609.14412
1919.90000,635.07448,1609.34294
1920.00000,635.19139,1609.54183
1920.10000,635.30831,1609.74064
1920.20000,635.42524,1609.93933
1920.30000,635.54218,1610.13811
1920.40000,635.65913,1610.33690
1920.50000,635.77609,1610.53576
1920.60000,635.89306,1610.73466
1920.70000,636.01004,1610.93342
1920.80000,636.12703,1611.13233
1920.90000,636.24403,1611.33133
1921.00000,636.36104,1611.53053
1921.10000,636.47806,1611.72972
1921.20000,636.59509,1611.92854
1921.30000,636.71214,1612.12747
1921.40000,636.82919,1612.32631
1921.50000,636.94625,1612.52528
1921.60000,637.06333,1612.72428
1921.70000,637.18041,1612.92309
1921.80000,637.29751,1613.12201
1921.90000,637.41461,1613.32096
1922.00000,637.53173,1613.52022
1922.10000,637.64885,1613.71922
1922.20000,637.76599,1613.91820
1922.30000,637.88313,1614.11721
1922.40000,638.00029,1614.31646
1922.50000,638.11746,1614.51547
1922.60000,638.23463,1614.71474
1922.70000,638.35182,1614.91377
1922.80000,638.46902,1615.11302
1922.90000,638.58623,1615.31187
1923.00000,638.70345,1615.51100
1923.10000,638.82067,1615.70979
1923.20000,638.93791,1615.90906
1923.30000,639.05516,1616.10815
1923.40000,639.17242,1616.30738
1923.50000,639.28969,1616.50659
1923.60000,639.40697,1616.70587
1923.70000,639.52427,1616.90499
1923.80000,639.64157,1617.10419
1923.90000,639.75888,1617.30314
1924.00000,639.87620,1617.50240
1924.10000,639.99353,1617.70138
1924.20000,640.11088,1617.90069
1924.30000,640.22823,1618.09990
1924.40000,640.34559,1618.29918
1924.50000,640.46297,1618.49851
1924.60000,640.58035,1618.69768
1924.70000,640.69775,1618.89698
1924.80000,640.81515,1619.09620
1924.90000,640.93257,1619.29543
1925.00000,641.04999,1619.49456
1925.10000,641.16743,1619.69384
1925.20000,641.28488,1619.89313
1925.30000,641.40233,1620.09259
1925.40000,641.51980,1620.29192
1925.50000,641.63728,1620.49134
1925.60000,641.75476,1620.69083
1925.70000,641.87226,1620.89036
1925.80000,641.98977,1621.08962
1925.90000,642.10729,1621.28899
1926.00000,642.22482,1621.48823
1926.10000,642.34236,1621.68782
1926.20000,642.45991,1621.88717
1926.30000,642.57747,1622.08662
1926.40000,642.69504,1622.28593
1926.50000,642.81262,1622.48531
1926.60000,642.93021,1622.68473
1926.70000,643.04781,1622.88429
1926.80000,643.16543,1623.08352
1926.90000,643.28305,1623.28290
1927.00000,643.40068,1623.48244
1927.10000,643.51832,1623.68226
1927.20000,643.63598,1623.88190
1927.30000,643.75364,1624.08141
1927.40000,643.87132,1624.28104
1927.50000,643.98900,1624.48071
1927.60000,644.10670,1624.68028
1927.70000,644.22440,1624.87993
1927.80000,644.34212,1625.07911
1927.90000,644.45984,1625.27832
1928.00000,644.57758,1625.47794
1928.10000,644.69532,1625.67751
1928.20000,644.81308,1625.87692
1928.30000,644.93085,1626.07646
1928.40000,645.04863,1626.27634
1928.50000,645.16641,1626.47606
1928.60000,645.28421,1626.67561
1928.70000,645.40202,1626.87549
1928.80000,645.51984,1627.07507
1928.90000,645.63767,1627.27468
1929.00000,645.75551,1627.47442
1929.10000,645.87336,1627.67394
1929.20000,645.99122,1627.87356
1929.30000,646.10909,1628.07335
1929.40000,646.22697,1628.27314
1929.50000,646.34486,1628.47264
1929.60000,646.46277,1628.67225
1929.70000,646.58068,1628.87195
1929.80000,646.69860,1629.07153
1929.90000,646.81653,1629.27128
1930.00000,646.93448,1629.47090
1930.10000,647.05243,1629.67070
1930.20000,647.17040,1629.87067
1930.30000,647.28837,1630.07044
1930.40000,647.40635,1630.27044
1930.50000,647.52435,1630.47036
1930.60000,647.64235,1630.67043
1930.70000,647.76037,1630.87025
1930.80000,647.87840,1631.07020
1930.90000,647.99643,1631.26985
1931.00000,648.11448,1631.46966
1931.10000,648.23254,1631.66966
1931.20000,648.35060,1631.86957
1931.30000,648.46868,1632.06915
1931.40000,648.58677,1632.26928
1931.50000,648.70487,1632.46922
1931.60000,648.82298,1632.66921
1931.70000,648.94110,1632.86896
1931.80000,649.05923,1633.06910
1931.90000,649.17737,1633.26875
1932.00000,649.29552,1633.46901
1932.10000,649.41368,1633.66891
1932.20000,649.53185,1633.86899
1932.30000,649.65003,1634.06878
1932.40000,649.76822,1634.26898
1932.50000,649.88642,1634.46892
1932.60000,650.00464,1634.66887
1932.70000,650.12286,1634.86887
1932.80000,650.24109,1635.06920
1932.90000,650.35934,1635.26912
1933.00000,650.47759,1635.46928
1933.10000,650.59585,1635.66912
1933.20000,650.71413,1635.86901
1933.30000,650.83241,1636.06889
1933.40000,650.95071,1636.26888
1933.50000,651.06901,1636.46869
1933.60000,651.18733,1636.66897
1933.70000,651.30566,1636.86907
1933.80000,651.42399,1637.06939
1933.90000,651.54234,1637.26952
1934.00000,651.66070,1637.46980
1934.10000,651.77906,1637.67002
1934.20000,651.89744,1637.87016
1934.30000,652.01583,1638.07029
1934.40000,652.13423,1638.27027
1934.50000,652.25264,1638.47028
1934.60000,652.37106,1638.67057
1934.70000,652.48949,1638.87079
1934.80000,652.60793,1639.07112
1934.90000,652.72638,1639.27129
1935.00000,652.84484,1639.47175
1935.10000,652.96331,1639.67225
1935.20000,653.08179,1639.87274
1935.30000,653.20028,1640.07286
1935.40000,653.31879,1640.27291
1935.50000,653.43730,1640.47312
1935.60000,653.55582,1640.67338
1935.70000,653.67435,1640.87368
1935.80000,653.79290,1641.07402
1935.90000,653.91145,1641.27415
1936.00000,654.03002,1641.47444
1936.10000,654.14859,1641.67467
1936.20000,654.26718,1641.87511
1936.30000,654.38577,1642.07538
1936.40000,654.50438,1642.27551
1936.50000,654.62299,1642.47611
1936.60000,654.74162,1642.67666
1936.70000,654.86026,1642.87706
1936.80000,654.97890,1643.07772
1936.90000,655.09756,1643.27817
1937.00000,655.21623,1643.47849
1937.10000,655.33491,1643.67898
1937.20000,655.45359,1643.87962
1937.30000,655.57229,1644.07994
1937.40000,655.69100,1644.28028
1937.50000,655.80972,1644.48075
1937.60000,655.92845,1644.68124
1937.70000,656.04719,1644.88146
1937.80000,656.16594,1645.08204
1937.90000,656.28470,1645.28241
1938.00000,656.40347,1645.48291
1938.10000,656.52226,1645.68365
1938.20000,656.64105,1645.88415
1938.30000,656.75985,1646.08459
1938.40000,656.87866,1646.28515
1938.50000,656.99749,1646.48572
1938.60000,657.11632,1646.68634
1938.70000,657.23516,1646.88663
1938.80000,657.35402,1647.08721
1938.90000,657.47288,1647.28781
1939.00000,657.59176,1647.48857
1939.10000,657.71064,1647.68915
1939.20000,657.82954,1647.88964
1939.30000,657.94844,1648.09038
1939.40000,658.06736,1648.29098
1939.50000,658.18628,1648.49183
1939.60000,658.30522,1648.69242
1939.70000,658.42417,1648.89290
1939.80000,658.54312,1649.09364
1939.90000,658.66209,1649.29451
1940.00000,658.78107,1649.49534
1940.10000,658.90006,1649.69602
1940.20000,659.01906,1649.89678
1940.30000,659.13807,1650.09759
1940.40000,659.25709,1650.29837
1940.50000,659.37612,1650.49919
1940.60000,659.49516,1650.69993
1940.70000,659.61421,1650.90067
1940.80000,659.73327,1651.10142
1940.90000,659.85234,1651.30220
1941.00000,659.97142,1651.50296
1941.10000,660.09051,1651.70374
1941.20000,660.20962,1651.90451
1941.30000,660.32873,1652.10518
1941.40000,660.44785,1652.30612
1941.50000,660.56698,1652.50680
1941.60000,660.68613,1652.70781
1941.70000,660.80528,1652.90882
1941.80000,660.92445,1653.10966
1941.90000,661.04362,1653.31062
1942.00000,661.16281,1653.51151
1942.10000,661.28200,1653.71244
1942.20000,661.40121,1653.91327
1942.30000,661.52042,1654.11427
1942.40000,661.63965,1654.31505
1942.50000,661.75889,1654.51590
1942.60000,661.87813,1654.71699
1942.70000,661.99739,1654.91804
1942.80000,662.11666,1655.11905
1942.90000,662.23594,1655.32006
1943.00000,662.35523,1655.52100
1943.10000,662.47452,1655.72185
1943.20000,662.59383,1655.92295
1943.30000,662.71315,1656.12400
1943.40000,662.83248,1656.32472
1943.50000,662.95182,1656.52592
1943.60000,663.07117,1656.72693
1943.70000,663.19053,1656.92794
1943.80000,663.30991,1657.12922
1943.90000,663.42929,1657.33032
1944.00000,663.54868,1657.53161
1944.10000,663.66808,1657.73266
1944.20000,663.78749,1657.93378
1944.30000,663.90692,1658.13459
1944.40000,664.02635,1658.33560
1944.50000,664.14579,1658.53683
1944.60000,664.26525,1658.73785
1944.70000,664.38471,1658.93887
1944.80000,664.50419,1659.14019
1944.90000,664.62367,1659.34143
1945.00000,664.74317,1659.54287
1945.10000,664.86267,1659.74411
1945.20000,664.98219,1659.94508
1945.30000,665.10172,1660.14616
1945.40000,665.22125,1660.34736
1945.50000,665.34080,1660.54856
1945.60000,665.46036,1660.74959
1945.70000,665.57992,1660.95070
1945.80000,665.69950,1661.15193
1945.90000,665.81909,1661.35324
1946.00000,665.93869,1661.55470
1946.10000,666.05830,1661.75596
1946.20000,666.17792,1661.95717
1946.30000,666.29755,1662.15840
1946.40000,666.41719,1662.35957
1946.50000,666.53684,1662.56095
1946.60000,666.65650,1662.76210
1946.70000,666.77617,1662.96353
1946.80000,666.89585,1663.16511
1946.90000,667.01554,1663.36673
1947.00000,667.13525,1663.56828
1947.10000,667.25496,1663.76986
1947.20000,667.37468,1663.97129
1947.30000,667.49442,1664.17244
1947.40000,667.61416,1664.37362
1947.50000,667.73391,1664.57498
1947.60000,667.85368,1664.77616
1947.70000,667.97345,1664.97756
1947.80000,668.09324,1665.17908
1947.90000,668.21303,1665.38066
1948.00000,668.33284,1665.58212
1948.10000,668.45265,1665.78360
1948.20000,668.57248,1665.98506
1948.30000,668.69232,1666.18651
1948.40000,668.81216,1666.38811
1948.50000,668.93202,1666.58973
1948.60000,669.05189,1666.79133
1948.70000,669.17177,1666.99280
1948.80000,669.29166,1667.19426
1948.90000,669.41155,1667.39591
1949.00000,669.53146,1667.59730
1949.10000,669.65138,1667.79878
1949.20000,669.77131,1668.00037
1949.30000,669.89125,1668.20200
1949.40000,670.01120,1668.40366
1949.50000,670.13116,1668.60534
1949.60000,670.25113,1668.80697
1949.70000,670.37112,1669.00858
1949.80000,670.49111,1669.21017
1949.90000,670.61111,1669.41202
1950.00000,670.73112,1669.61370
1950.10000,670.85115,1669.81533
1950.20000,670.97118,1670.01673
1950.30000,671.09122,1670.21829
1950.40000,671.21128,1670.41974
1950.50000,671.33134,1670.62142
1950.60000,671.45141,1670.82312
1950.70000,671.57150,1671.02488
1950.80000,671.69159,1671.22678
1950.90000,671.81170,1671.42873
1951.00000,671.93182,1671.63060
1951.10000,672.05194,1671.83240
1951.20000,672.17208,1672.03409
1951.30000,672.29223,1672.23602
1951.40000,672.41238,1672.43767
1951.50000,672.53255,1672.63937
1951.60000,672.65273,1672.84120
1951.70000,672.77292,1673.04296
1951.80000,672.89312,1673.24481
1951.90000,673.01332,1673.44635
1952.00000,673.13354,1673.64815
1952.10000,673.25377,1673.85001
1952.20000,673.37401,1674.05203
1952.30000,673.49426,1674.25395
1952.40000,673.61452,1674.45581
1952.50000,673.73480,1674.65775
1952.60000,673.85508,1674.85987
1952.70000,673.97537,1675.06171
1952.80000,674.09567,1675.26350
1952.90000,674.21598,1675.46526
1953.00000,674.33631,1675.66709
1953.10000,674.45664,1675.86907
1953.20000,674.57698,1676.07103
1953.30000,674.69734,1676.27279
1953.40000,674.81770,1676.47471
1953.50000,674.93807,1676.67678
1953.60000,675.05846,1676.87893
1953.70000,675.17885,1677.08067
1953.80000,675.29926,1677.28273
1953.90000,675.41967,1677.48467
1954.00000,675.54010,1677.68652
1954.10000,675.66054,1677.88866
1954.20000,675.78098,1678.09065
1954.30000,675.90144,1678.29276
1954.40000,676.02191,1678.49481
1954.50000,676.14239,1678.69696
1954.60000,676.26287,1678.89922
1954.70000,676.38337,1679.10120
1954.80000,676.50388,1679.30330
1954.90000,676.62440,1679.50528
1955.00000,676.74493,1679.70746
1955.10000,676.86547,1679.90957
1955.20000,676.98602,1680.11184
1955.30000,677.10658,1680.31402
1955.40000,677.22715,1680.51609
1955.50000,677.34773,1680.71828
1955.60000,677.46832,1680.92054
1955.70000,677.58893,1681.12274
1955.80000,677.70954,1681.32494
1955.90000,677.83016,1681.52723
1956.00000,677.95079,1681.72951
1956.10000,678.07144,1681.93176
1956.20000,678.19209,1682.13404
1956.30000,678.31275,1682.33609
1956.40000,678.43343,1682.53828
1956.50000,678.55411,1682.74051
1956.60000,678.67481,1682.94269
1956.70000,678.79551,1683.14497
1956.80000,678.91623,1683.34721
1956.90000,679.03695,1683.54952
1957.00000,679.15769,1683.75161
1957.10000,679.27844,1683.95392
1957.20000,679.39919,1684.15611
1957.30000,679.51996,1684.35858
1957.40000,679.64074,1684.56117
1957.50000,679.76153,1684.76368
1957.60000,679.88232,1684.96599
1957.70000,680.00313,1685.16826
1957.80000,680.12395,1685.37071
1957.90000,680.24478,1685.57293
1958.00000,680.36562,1685.77511
1958.10000,680.48647,1685.97760
1958.20000,680.60733,1686.17993
1958.30000,680.72820,1686.38264
1958.40000,680.84908,1686.58517
1958.50000,680.96997,1686.78770
1958.60000,681.09088,1686.99008
1958.70000,681.21179,1687.19279
1958.80000,681.33271,1687.39523
1958.90000,681.45364,1687.59751
1959.00000,681.57459,1687.79997
1959.10000,681.69554,1688.00239
1959.20000,681.81650,1688.20486
1959.30000,681.93748,1688.40740
1959.40000,682.05846,1688.60981
1959.50000,682.17946,1688.81231
1959.60000,682.30046,1689.01494
1959.70000,682.42148,1689.21768
1959.80000,682.54250,1689.41997
1959.90000,682.66354,1689.62252
1960.00000,682.78458,1689.82518
1960.10000,682.90564,1690.02776
1960.20000,683.02671,1690.23046
1960.30000,683.14779,1690.43327
1960.40000,683.26887,1690.63593
1960.50000,683.38997,1690.83877
1960.60000,683.51108,1691.04147
1960.70000,683.63220,1691.24395
1960.80000,683.75333,1691.44636
1960.90000,683.87447,1691.64889
1961.00000,683.99562,1691.85144
1961.10000,684.11678,1692.05400
1961.20000,684.23795,1692.25684
1961.30000,684.35913,1692.45970
1961.40000,684.48032,1692.66254
1961.50000,684.60152,1692.86581
1961.60000,684.72273,1693.06852
1961.70000,684.84395,1693.27137
1961.80000,684.96519,1693.47393
1961.90000,685.08643,1693.67656
1962.00000,685.20768,1693.87929
1962.10000,685.32895,1694.08195
1962.20000,685.45022,1694.28460
1962.30000,685.57150,1694.48732
1962.40000,685.69280,1694.69025
1962.50000,685.81410,1694.89337
1962.60000,685.93542,1695.09623
1962.70000,686.05674,1695.29926
1962.80000,686.17808,1695.50190
1962.90000,686.29942,1695.70483
1963.00000,686.42078,1695.90781
1963.10000,686.54215,1696.11048
1963.20000,686.66352,1696.31308
1963.30000,686.78491,1696.51598
1963.40000,686.90631,1696.71901
1963.50000,687.02772,1696.92203
1963.60000,687.14914,1697.12496
1963.70000,687.27057,1697.32789
1963.80000,687.39200,1697.53083
1963.90000,687.51345,1697.73374
1964.00000,687.63491,1697.93667
1964.10000,687.75638,1698.13952
1964.20000,687.87786,1698.34224
1964.30000,687.99935,1698.54536
1964.40000,688.12086,1698.74851
1964.50000,688.24237,1698.95179
1964.60000,688.36389,1699.15474
1964.70000,688.48542,1699.35785
1964.80000,688.60696,1699.56088
1964.90000,688.72852,1699.76365
1965.00000,688.85008,1699.96649
1965.10000,688.97165,1700.16950
1965.20000,689.09324,1700.37236
1965.30000,689.21483,1700.57572
1965.40000,689.33643,1700.77882
1965.50000,689.45805,1700.98237
1965.60000,689.57967,1701.18531
1965.70000,689.70131,1701.38848
1965.80000,689.82296,1701.59134
1965.90000,689.94461,1701.79429
1966.00000,690.06628,1701.99764
1966.10000,690.18796,1702.20088
1966.20000,690.30964,1702.40407
1966.30000,690.43134,1702.60733
1966.40000,690.55305,1702.81063
1966.50000,690.67477,1703.01399
1966.60000,690.79649,1703.21704
1966.70000,690.91823,1703.42004
1966.80000,691.03998,1703.62303
1966.90000,691.16174,1703.82618
1967.00000,691.28351,1704.02962
1967.10000,691.40529,1704.23291
1967.20000,691.52708,1704.43618
1967.30000,691.64888,1704.63939
1967.40000,691.77069,1704.84282
1967.50000,691.89252,1705.04616
1967.60000,692.01435,1705.24961
1967.70000,692.13619,1705.45289
1967.80000,692.25804,1705.65630
1967.90000,692.37990,1705.85952
1968.00000,692.50178,1706.06298
1968.10000,692.62366,1706.26625
1968.20000,692.74555,1706.46945
1968.30000,692.86746,1706.67291
1968.40000,692.98937,1706.87612
1968.50000,693.11130,1707.07952
1968.60000,693.23323,1707.28307
1968.70000,693.35518,1707.48640
1968.80000,693.47713,1707.68989
1968.90000,693.59910,1707.89338
1969.00000,693.72108,1708.09673
1969.10000,693.84306,1708.30024
1969.20000,693.96506,1708.50391
1969.30000,694.08707,1708.70731
1969.40000,694.20909,1708.91056
1969.50000,694.33111,1709.11403
1969.60000,694.45315,1709.31738
1969.70000,694.57520,1709.52071
1969.80000,694.69726,1709.72420
1969.90000,694.81933,1709.92756
1970.00000,694.94141,1710.13089
1970.10000,695.06350,1710.33459
1970.20000,695.18560,1710.53822
1970.30000,695.30771,1710.74162
1970.40000,695.42983,1710.94557
1970.50000,695.55196,1711.14927
1970.60000,695.67410,1711.35301
1970.70000,695.79626,1711.55692
1970.80000,695.91842,1711.76054
1970.90000,696.04059,1711.96419
1971.00000,696.16277,1712.16786
1971.10000,696.28497,1712.37129
1971.20000,696.40717,1712.57493
1971.30000,696.52939,1712.77851
1971.40000,696.65161,1712.98220
1971.50000,696.77384,1713.18585
1971.60000,696.89609,1713.38952
1971.70000,697.01835,1713.59312
1971.80000,697.14061,1713.79661
1971.90000,697.26289,1714.00041
1972.00000,697.38517,1714.20409
1972.10000,697.50747,1714.40778
1972.20000,697.62978,1714.61180
1972.30000,697.75209,1714.81562
1972.40000,697.87442,1715.01927
1972.50000,697.99676,1715.22313
1972.60000,698.11911,1715.42670
1972.70000,698.24147,1715.63040
1972.80000,698.36384,1715.83413
1972.90000,698.48622,1716.03777
1973.00000,698.60861,1716.24157
1973.10000,698.73101,1716.44546
1973.20000,698.85342,1716.64933
1973.30000,698.97584,1716.85311
1973.40000,699.09827,1717.05679
1973.50000,699.22071,1717.26061
1973.60000,699.34316,1717.46432
1973.70000,699.46562,1717.66834
1973.80000,699.58809,1717.87228
1973.90000,699.71058,1718.07613
1974.00000,699.83307,1718.28016
1974.10000,699.95557,1718.48400
1974.20000,700.07809,1718.68792
1974.30000,700.20061,1718.89203
1974.40000,700.32315,1719.09608
1974.50000,700.44569,1719.29983
1974.60000,700.56824,1719.50372
1974.70000,700.69081,1719.70789
1974.80000,700.81339,1719.91181
1974.90000,700.93597,1720.11586
1975.00000,701.05857,1720.31994
1975.10000,701.18117,1720.52385
1975.20000,701.30379,1720.72787
1975.30000,701.42642,1720.93186
1975.40000,701.54906,1721.13589
1975.50000,701.67170,1721.33978
1975.60000,701.79436,1721.54384
1975.70000,701.91703,1721.74783
1975.80000,702.03971,1721.95196
1975.90000,702.16240,1722.15610
1976.00000,702.28510,1722.36038
1976.10000,702.40781,1722.56444
1976.20000,702.53053,1722.76845
1976.30000,702.65326,1722.97270
1976.40000,702.77600,1723.17690
1976.50000,702.89875,1723.38108
1976.60000,703.02151,1723.58508
1976.70000,703.14428,1723.78911
1976.80000,703.26707,1723.99335
1976.90000,703.38986,1724.19740
1977.00000,703.51266,1724.40158
1977.10000,703.63548,1724.60562
1977.20000,703.75830,1724.80987
1977.30000,703.88113,1725.01436
1977.40000,704.00398,1725.21848
1977.50000,704.12683,1725.42281
1977.60000,704.24970,1725.62690
1977.70000,704.37257,1725.83123
1977.80000,704.49546,1726.03547
1977.90000,704.61835,1726.23981
1978.00000,704.74126,1726.44413
1978.10000,704.86417,1726.64849
1978.20000,704.98710,1726.85276
1978.30000,705.11004,1727.05710
1978.40000,705.23299,1727.26134
1978.50000,705.35594,1727.46563
1978.60000,705.47891,1727.66977
1978.70000,705.60189,1727.87411
1978.80000,705.72488,1728.07819
1978.90000,705.84788,1728.28268
1979.00000,705.97089,1728.48728
1979.10000,706.09391,1728.69186
1979.20000,706.21694,1728.89621
1979.30000,706.33998,1729.10064
1979.40000,706.46303,1729.30516
1979.50000,706.58609,1729.50965
1979.60000,706.70916,1729.71405
1979.70000,706.83224,1729.91837
1979.80000,706.95533,1730.12271
1979.90000,707.07844,1730.32720
1980.00000,707.20155,1730.53174
1980.10000,707.32467,1730.73630
1980.20000,707.44781,1730.94081
1980.30000,707.57095,1731.14502
1980.40000,707.69410,1731.34964
1980.50000,707.81727,1731.55430
1980.60000,707.94044,1731.75871
1980.70000,708.06363,1731.96335
1980.80000,708.18682,1732.16784
1980.90000,708.31003,1732.37250
1981.00000,708.43324,1732.57702
1981.10000,708.55647,1732.78179
1981.20000,708.67971,1732.98650
1981.30000,708.80295,1733.19094
1981.40000,708.92621,1733.39565
1981.50000,709.04948,1733.60027
1981.60000,709.17276,1733.80485
1981.70000,709.29604,1734.00946
1981.80000,709.41934,1734.21366
1981.90000,709.54265,1734.41838
1982.00000,709.66597,1734.62277
1982.10000,709.78930,1734.82751
1982.20000,709.91264,1735.03228
1982.30000,710.03599,1735.23693
1982.40000,710.15935,1735.44174
1982.50000,710.28272,1735.64668
1982.60000,710.40610,1735.85158
1982.70000,710.52950,1736.05611
1982.80000,710.65290,1736.26068
1982.90000,710.77631,1736.46561
1983.00000,710.89973,1736.67021
1983.10000,711.02316,1736.87491
1983.20000,711.14661,1737.07973
1983.30000,711.27006,1737.28438
1983.40000,711.39352,1737.48940
1983.50000,711.51700,1737.69448
1983.60000,711.64048,1737.89939
1983.70000,711.76398,1738.10413
1983.80000,711.88748,1738.30900
1983.90000,712.01100,1738.51381
1984.00000,712.13452,1738.71841
1984.10000,712.25806,1738.92302
1984.20000,712.38161,1739.12772
1984.30000,712.50516,1739.33232
1984.40000,712.62873,1739.53726
1984.50000,712.75231,1739.74214
1984.60000,712.87589,1739.94715
1984.70000,712.99949,1740.15215
1984.80000,713.12310,1740.35699
1984.90000,713.24672,1740.56190
1985.00000,713.37035,1740.76695
1985.10000,713.49399,1740.97210
1985.20000,713.61764,1741.17717
1985.30000,713.74130,1741.38201
1985.40000,713.86497,1741.58702
1985.50000,713.98865,1741.79200
1985.60000,714.11234,1741.99710
1985.70000,714.23604,1742.20199
1985.80000,714.35975,1742.40693
1985.90000,714.48347,1742.61201
1986.00000,714.60721,1742.81705
1986.10000,714.73095,1743.02210
1986.20000,714.85470,1743.22719
1986.30000,714.97846,1743.43221
1986.40000,715.10224,1743.63728
1986.50000,715.22602,1743.84220
1986.60000,715.34982,1744.04743
1986.70000,715.47362,1744.25262
1986.80000,715.59744,1744.45781
1986.90000,715.72126,1744.66295
1987.00000,715.84510,1744.86813
1987.10000,715.96894,1745.07330
1987.20000,716.09280,1745.27849
1987.30000,716.21666,1745.48372
1987.40000,716.34054,1745.68865
1987.50000,716.46443,1745.89354
1987.60000,716.58833,1746.09894
1987.70000,716.71223,1746.30400
1987.80000,716.83615,1746.50892
1987.90000,716.96008,1746.71430
1988.00000,717.08402,1746.91967
1988.10000,717.20797,1747.12500
1988.20000,717.33193,1747.33021
1988.30000,717.45590,1747.53568
1988.40000,717.57988,1747.74104
1988.50000,717.70387,1747.94622
1988.60000,717.82787,1748.15148
1988.70000,717.95188,1748.35643
1988.80000,718.07590,1748.56147
1988.90000,718.19993,1748.76671
1989.00000,718.32397,1748.97199
1989.10000,718.44802,1749.17744
1989.20000,718.57209,1749.38275
1989.30000,718.69616,1749.58837
1989.40000,718.82024,1749.79388
1989.50000,718.94434,1749.99933
1989.60000,719.06844,1750.20465
1989.70000,719.19256,1750.40990
1989.80000,719.31668,1750.61528
1989.90000,719.44081,1750.82049
1990.00000,719.56496,1751.02610
1990.10000,719.68911,1751.23160
1990.20000,719.81328,1751.43688
1990.30000,719.93746,1751.64247
1990.40000,720.06164,1751.84791
1990.50000,720.18584,1752.05334
1990.60000,720.31005,1752.25880
1990.70000,720.43426,1752.46413
1990.80000,720.55849,1752.66959
1990.90000,720.68273,1752.87498
1991.00000,720.80698,1753.08080
1991.10000,720.93124,1753.28616
1991.20000,721.05551,1753.49162
1991.30000,721.17979,1753.69740
1991.40000,721.30408,1753.90299
1991.50000,721.42838,1754.10836
1991.60000,721.55269,1754.31403
1991.70000,721.67701,1754.51955
1991.80000,721.80134,1754.72512
1991.90000,721.92568,1754.93070
1992.00000,722.05003,1755.13647
1992.10000,722.17439,1755.34180
1992.20000,722.29876,1755.54760
1992.30000,722.42315,1755.75340
1992.40000,722.54754,1755.95904
1992.50000,722.67194,1756.16465
1992.60000,722.79636,1756.37031
1992.70000,722.92078,1756.57590
1992.80000,723.04521,1756.78140
1992.90000,723.16966,1756.98706
1993.00000,723.29411,1757.19257
1993.10000,723.41858,1757.39818
1993.20000,723.54305,1757.60408
1993.30000,723.66754,1757.80974
1993.40000,723.79204,1758.01555
1993.50000,723.91654,1758.22138
1993.60000,724.04106,1758.42712
1993.70000,724.16559,1758.63281
1993.80000,724.29012,1758.83860
1993.90000,724.41467,1759.04441
1994.00000,724.53923,1759.25023
1994.10000,724.66380,1759.45610
1994.20000,724.78838,1759.66177
1994.30000,724.91296,1759.86761
1994.40000,725.03756,1760.07329
1994.50000,725.16217,1760.27923
1994.60000,725.28679,1760.48516
1994.70000,725.41142,1760.69090
1994.80000,725.53606,1760.89683
1994.90000,725.66071,1761.10295
1995.00000,725.78538,1761.30889
1995.10000,725.91005,1761.51487
1995.20000,726.03473,1761.72066
1995.30000,726.15942,1761.92663
1995.40000,726.28412,1762.13225
1995.50000,726.40884,1762.33817
1995.60000,726.53356,1762.54397
1995.70000,726.65829,1762.74967
1995.80000,726.78304,1762.95562
1995.90000,726.90779,1763.16172
1996.00000,727.03256,1763.36765
1996.10000,727.15733,1763.57373
1996.20000,727.28212,1763.77969
1996.30000,727.40691,1763.98585
1996.40000,727.53172,1764.19156
1996.50000,727.65653,1764.39767
1996.60000,727.78136,1764.60364
1996.70000,727.90620,1764.80980
1996.80000,728.03104,1765.01584
1996.90000,728.15590,1765.22201
1997.00000,728.28077,1765.42823
1997.10000,728.40564,1765.63438
1997.20000,728.53053,1765.84056
1997.30000,728.65543,1766.04673
1997.40000,728.78034,1766.25258
1997.50000,728.90526,1766.45884
1997.60000,729.03019,1766.66494
1997.70000,729.15513,1766.87102
1997.80000,729.28008,1767.07701
1997.90000,729.40504,1767.28315
1998.00000,729.53001,1767.48932
1998.10000,729.65499,1767.69545
1998.20000,729.77998,1767.90155
1998.30000,729.90498,1768.10765
1998.40000,730.03000,1768.31385
1998.50000,730.15502,1768.52024
1998.60000,730.28005,1768.72651
1998.70000,730.40509,1768.93261
1998.80000,730.53015,1769.13898
1998.90000,730.65521,1769.34522
1999.00000,730.78029,1769.55165
1999.10000,730.90537,1769.75782
1999.20000,731.03046,1769.96420
1999.30000,731.15557,1770.17051
1999.40000,731.28068,1770.37687
1999.50000,731.40581,1770.58330
1999.60000,731.53095,1770.78955
1999.70000,731.65609,1770.99581
1999.80000,731.78125,1771.20213
1999.90000,731.90642,1771.40853
2000.00000,732.03159,1771.61507
